Product Name,Price,Rating,Reviews,Link,Num Total Servings,Protein (g),Calories,Serving Size
RYSE Loaded Protein - Jet-Puffed Marshmallow,49.99,4.5,136,https://www.gnc.com/whey-protein/556534.html,27.0,25.0,130.0,1 scoop
Jym® Pro Jym Protein - Tahitian Vanilla Bean,74.99,5.0,937,https://www.gnc.com/whey-protein/533909.html,45.0,24.0,140.0,1 Scoop(s)
Axe & Sledge Supplements™ Farm Fed 100% Whey Protein Isolate - Squirrelly Nut Cookie Crunch,56.99,4.5,107,https://www.gnc.com/whey-protein/581725.html,28.0,25.0,130.0,1 scoop (35 g)
Raw Nutrition Itholate Protein - Chocolate Peanut Butter,54.99,4.5,35,https://www.gnc.com/whey-protein/604706.html,25.0,28.0,150.0,1 Scoop
RYSE Loaded Protein - Little Debbie Christmas Tree Cakes,49.99,4.5,136,https://www.gnc.com/whey-protein/556566.html,27.0,25.0,140.0,1 Scoop
GNC AMP Wheybolic™ - Chocolate Fudge,89.99,4.0,1189,https://www.gnc.com/whey-protein/012359.html,33.0,40.0,200.0,2 Scoop(s)
GNC Pro Performance® 100% Whey 2.0 - Vanilla Cream,79.99,4.0,54,https://www.gnc.com/whey-protein/379969.html,64.0,25.0,120.0,One Scoop (30.77g)
GNC AMP Wheybolic™ - Classic Vanilla,89.99,4.0,1189,https://www.gnc.com/whey-protein/012360.html,33.0,40.0,190.0,2 Scoop(s)
Dymatize® ISO 100® Whey Protein Isolate - Gourmet Chocolate,109.99,4.5,305,https://www.gnc.com/whey-protein/360000.html,71.0,25.0,110.0,1 Scoop(s)
GNC Pro Performance® 100% Whey 2.0 - Chocolate Supreme,79.99,4.0,54,https://www.gnc.com/whey-protein/379966.html,64.0,25.0,120.0,One Scoop (33g)
Dymatize® ISO 100® Whey Protein Isolate - Gourmet Vanilla,109.99,4.5,305,https://www.gnc.com/whey-protein/360001.html,76.0,25.0,110.0,1 Scoop(s)
GHOST® WHEY - Chips Ahoy!®,49.99,4.5,1786,https://www.gnc.com/whey-protein/527950.html,26.0,25.0,160.0,1 Rounded Scoop
GNC AMP Pure Isolate - Chocolate Frosting,104.99,4.5,749,https://www.gnc.com/whey-protein/414856.html,70.0,25.0,130.0,1 Scoop
Optimum Nutrition Gold Standard 100% Whey™ - Double Rich Chocolate,84.99,4.5,2104,https://www.gnc.com/whey-protein/350281.html,74.0,24.0,120.0,1 Rounded Scoop(s)
GHOST® WHEY - OREO®,49.99,4.5,1786,https://www.gnc.com/whey-protein/528005.html,26.0,25.0,150.0,1 Rounded Scoop(s)
Dymatize® ISO100® Hydrolyzed Protein Powder - Cocoa Pebbles,109.99,4.5,305,https://www.gnc.com/whey-protein/364708.html,71.0,25.0,120.0,1 Scoop(s)
GHOST® WHEY - Nutter Butter®,49.99,4.5,1786,https://www.gnc.com/whey-protein/527963.html,26.0,26.0,160.0,1 Rounded Scoop(s)
GNC AMP Pure Isolate - Vanilla Custard,104.99,4.5,749,https://www.gnc.com/whey-protein/414857.html,70.0,25.0,120.0,1 Scoop
GNC Total Lean® Lean Shake 25™ - Rich Chocolate,44.99,4.5,1953,https://www.gnc.com/meal-replacement/370113.html,16.0,25.0,180.0,1 Heaping Scoop(s)
GNC AMP Wheybolic™ Ripped - Chocolate Fudge,74.99,4.5,447,https://www.gnc.com/whey-protein/023456.html,22.0,40.0,200.0,1 Scoop(s)
GHOST® WHEY Protein - Cinnabon®,49.99,4.5,1786,https://www.gnc.com/whey-protein/528048.html,27.0,25.0,130.0,1 Servings
Optimum Nutrition Gold Standard 100% Whey™ - Vanilla Ice Cream,84.99,4.5,2104,https://www.gnc.com/whey-protein/350283.html,73.0,24.0,120.0,1 Rounded Scoop(s)
GNC Pro Performance® 100% Whey 2.0 - Creamy Strawberry,79.99,4.0,54,https://www.gnc.com/whey-protein/379972.html,64.0,25.0,120.0,One Scoop (31.01g)
GNC AMP Wheybolic™ - Strawberries and Cream,69.99,4.0,1189,https://www.gnc.com/whey-protein/012347.html,25.0,40.0,200.0,2 Scoop(s)
GNC AMP Wheybolic™ Ripped - Classic Vanilla,74.99,4.5,447,https://www.gnc.com/whey-protein/023457.html,22.0,40.0,200.0,2 Scoop(s)
GNC AMP Wheybolic™ - Chocolate Fudge,69.99,4.0,1189,https://www.gnc.com/whey-protein/012345.html,25.0,40.0,200.0,2 Scoop(s)
GHOST® WHEY - Peanut Butter Cereal Milk,49.99,4.5,1787,https://www.gnc.com/whey-protein/527922.html,26.0,26.0,140.0,1 Rounded Scoop
GHOST® WHEY - Count Chocula,49.99,4.5,1787,https://www.gnc.com/whey-protein/528146.html,26.0,25.0,140.0,1 Rounded Scoop (37 grams)
GNC AMP Wheybolic™ Ripped - Strawberries and Cream,74.99,4.5,447,https://www.gnc.com/whey-protein/023458.html,22.0,40.0,200.0,2 Scoop(s)
GNC AMP Wheybolic™ - Banana Milkshake,69.99,4.0,1189,https://www.gnc.com/whey-protein/012350.html,25.0,40.0,190.0,2 Scoop(s)
Optimum Nutrition Gold Standard® 100% Isolate - Chocolate Bliss,72.99,4.5,196,https://www.gnc.com/whey-protein/352561.html,44.0,25.0,110.0,1 Scoop(s)
GNC AMP Wheybolic™ - Cookies and Cream,69.99,4.0,1189,https://www.gnc.com/whey-protein/012348.html,25.0,40.0,190.0,2 Scoop(s)
GNC AMP Wheybolic™ - Classic Vanilla,69.99,4.0,1189,https://www.gnc.com/whey-protein/012346.html,25.0,40.0,190.0,2 Scoop(s)
GNC Pro Performance® 100% Whey 2.0 - Cookies & Cream,79.99,4.0,54,https://www.gnc.com/whey-protein/379975.html,64.0,25.0,130.0,One Scoop (34.4g)
GHOST® WHEY - Coffee Ice Cream,49.99,4.5,1787,https://www.gnc.com/whey-protein/527932.html,28.0,25.0,120.0,1 Scoop(s)
GNC AMP Pure Isolate Whey Protein - Cookies & Cream,104.99,4.5,749,https://www.gnc.com/whey-protein/414859.html,70.0,25.0,130.0,1 Scoop(s)
GHOST® WHEY - Milk Chocolate,49.99,4.5,1787,https://www.gnc.com/whey-protein/527910.html,26.0,25.0,130.0,1 Rounded Scoop
GNC AMP Wheybolic™ - Natural Chocolate,69.99,4.0,1189,https://www.gnc.com/whey-protein/012357.html,25.0,40.0,220.0,2 Scoop(s)
Dymatize® ISO•100® - Cookies and Cream,109.99,4.5,305,https://www.gnc.com/whey-protein/370012.html,76.0,25.0,110.0,1 Scoop(s)
GNC AMP Wheybolic™ Ripped - Chocolate Peanut Butter,74.99,4.5,447,https://www.gnc.com/whey-protein/023464.html,22.0,40.0,200.0,2 Servings
GNC AMP Sustained Protein Blend - Cinnamon Toast,49.99,4.5,839,https://www.gnc.com/whey-protein/414773.html,28.0,25.0,130.0,1 Scoop
GNC AMP Wheybolic® Alpha - Chocolate Fudge,74.99,4.0,76,https://www.gnc.com/whey-protein/034573.html,22.0,40.0,220.0,2 Scoops (60.1g)
GNC AMP Sustained Protein Blend - Chocolate Milkshake,49.99,4.5,839,https://www.gnc.com/whey-protein/414787.html,28.0,25.0,130.0,1 Scoop(s)
GNC Total Lean® Lean Shake 25™ - French Vanilla,44.99,4.5,1953,https://www.gnc.com/meal-replacement/370114.html,16.0,25.0,180.0,1 Heaping Scoop(s)
GNC AMP Pure Isolate Whey Protein - Strawberry,104.99,4.5,749,https://www.gnc.com/whey-protein/414858.html,70.0,25.0,120.0,1 Scoop
GHOST® WHEY - Fruity Cereal Milk®,49.99,4.5,1787,https://www.gnc.com/whey-protein/527938.html,28.0,25.0,120.0,1 Rounded Scoop(s)
Optimum Nutrition Gold Standard® 100% Isolate - Rich Vanilla,72.99,4.5,196,https://www.gnc.com/whey-protein/352560.html,44.0,25.0,100.0,1 Scoop(s)
GNC Total Lean® Lean Shake 25™ - Mixed Berry,44.99,4.5,1953,https://www.gnc.com/meal-replacement/370115.html,16.0,25.0,180.0,1 Scoop(s)
GNC Pro Performance® 100% Whey 2.0 - Unflavored,44.99,4.0,54,https://www.gnc.com/whey-protein/379978.html,25.0,25.0,110.0,One Scoop (30.03g)
GNC AMP Sustained Protein Blend - Vanilla Milkshake,49.99,4.5,839,https://www.gnc.com/whey-protein/414788.html,28.0,25.0,130.0,1 Scoop(s)
GNC Pro Performance® 100% Whey 2.0 - Vanilla Cream,44.99,4.0,54,https://www.gnc.com/whey-protein/379968.html,25.0,25.0,120.0,One Scoop (30.77g)
GNC AMP Wheybolic™ - Fruity Crisps,69.99,4.0,1189,https://www.gnc.com/whey-protein/012362.html,25.0,20.0,100.0,2 Scoop(s)
GHOST® WHEY - Cereal Milk,49.99,4.5,1787,https://www.gnc.com/whey-protein/527911.html,28.0,25.0,130.0,1 Rounded Scoop
RYSE Loaded Protein - Skippy Peanut Butter,49.99,4.5,136,https://www.gnc.com/whey-protein/556525.html,27.0,25.0,150.0,1 scoop
GNC AMP Wheybolic™ - Coconut Caramel,69.99,4.0,1189,https://www.gnc.com/testingeventsignupnew/370163.html,25.0,20.0,100.0,1 scoop
Axe & Sledge Supplements™ Farm Fed Protein - S'mores,56.99,4.5,107,https://www.gnc.com/whey-protein/581719.html,28.0,25.0,100.0,1 Scoop (32.76g)
GNC Pro Performance® 100% Whey 2.0 - Creamy Strawberry,44.99,4.0,54,https://www.gnc.com/whey-protein/379971.html,25.0,25.0,120.0,One Scoop (31.01g)
Axe & Sledge Supplements™ Farm Fed Protein - Vanilla Milkshake,56.99,4.5,107,https://www.gnc.com/whey-protein/581673.html,28.0,25.0,110.0,1 Scoop (31g)
Axe & Sledge Supplements™ Whey More - Grizzly Honey Graham,54.99,5.0,123,https://www.gnc.com/whey-protein/581668.html,30.0,24.0,120.0,1 scoop
Axe & Sledge Supplements™ Farm Fed Protein - Strawberry Milkshake,56.99,4.5,107,https://www.gnc.com/whey-protein/581714.html,28.0,25.0,100.0,1 Scoop (28.8g)
Raw Nutrition Itholate Protein - Vanilla Oatmeal Cookie,54.99,4.5,35,https://www.gnc.com/whey-protein/604730.html,25.0,25.0,100.0,1 Scoop
Axe & Sledge Supplements™ Farm Fed Protein - Marshmallow Milk,56.99,4.5,107,https://www.gnc.com/whey-protein/581677.html,28.0,25.0,100.0,1 scoop
Optimum Nutrition Gold Standard 100% Whey™ - Strawberries and Cream,84.99,4.5,2104,https://www.gnc.com/whey-protein/350328.html,73.0,24.0,120.0,1 Scoop(s)
GNC AMP Pure Isolate Whey Protein - Chocolate Frosting,69.99,4.5,749,https://www.gnc.com/whey-protein/414850.html,28.0,25.0,130.0,1 Scoop
Axe & Sledge Supplements™ Farm Fed Protein - Never Ending Chocolate,56.99,4.5,107,https://www.gnc.com/whey-protein/581678.html,28.0,25.0,110.0,1 scoop
Axe & Sledge Supplements™ Whey More - Peanut Butter Pie,54.99,5.0,123,https://www.gnc.com/whey-protein/581697.html,30.0,24.0,130.0,1 Scoop(s)
Raw Nutrition Champion Mentality: Itholate Protein - Cookies and Cream,54.99,4.5,35,https://www.gnc.com/whey-protein/604854.html,25.0,25.0,130.0,1 Scoop (36g)
Raw Nutrition Itholate Protein - Cinnamon Crunch Cereal,54.99,4.5,35,https://www.gnc.com/whey-protein/604705.html,25.0,25.0,110.0,1 Scoop
REDCON1 MRE LITE® - Banana Nut Bread,44.99,5.0,6297,https://www.gnc.com/meal-replacement/548866.html,30.0,24.0,130.0,1 Scoop(s)
GNC Pro Performance® 100% Casein - Vanilla Cream,49.99,5.0,2,https://www.gnc.com/casein-protein/739953.html,25.0,25.0,110.0,1 Scoop(s)
Isopure® Protein Powder - Cookies and Cream,144.99,4.5,451,https://www.gnc.com/whey-protein/916117.html,55.0,25.0,110.0,2 Scoop(s)
GNC Pro Performance® 100% Whey 2.0 - Cookies & Cream,44.99,4.0,54,https://www.gnc.com/whey-protein/379974.html,25.0,25.0,130.0,One Scoop (34.4g)
Optimum Nutrition Gold Standard 100% Casein™ - Creamy Vanilla,53.99,4.5,94,https://www.gnc.com/casein-protein/350158.html,26.0,24.0,120.0,1 Heaping Scoop(s)
REDCON1 MRE LITE® - Oatmeal Chocolate Chip,44.99,5.0,6297,https://www.gnc.com/meal-replacement/548865.html,30.0,24.0,120.0,1 Scoop(s)
Axe & Sledge Supplements™ Whey More - French Toast Sticks,54.99,5.0,123,https://www.gnc.com/whey-protein/581698.html,30.0,24.0,130.0,1 scoop
Axe & Sledge Supplements™ Farm Fed Protein - Chocolate Milkshake,56.99,4.5,107,https://www.gnc.com/whey-protein/581672.html,28.0,25.0,110.0,1 scoop
GNC AMP Plant Isolate Protein - Chocolate Hazelnut,49.99,4.0,86,https://www.gnc.com/plant-based-protein/414863.html,28.0,25.0,130.0,1 Scoop
GNC AMP Plant Isolate Protein - Vanilla Cookie,49.99,4.0,86,https://www.gnc.com/plant-based-protein/414865.html,28.0,25.0,130.0,1 Scoop (31.9g)
Raw Nutrition Itholate Protein - Strawberry Bumcake,54.99,4.5,35,https://www.gnc.com/whey-protein/604729.html,25.0,25.0,100.0,1 Scoop
Raw Nutrition Itholate Protein - Mint Chip Ice Cream,54.99,4.5,35,https://www.gnc.com/whey-protein/604728.html,25.0,25.0,150.0,1 Scoop (33.4g)
GNC Pro Performance® 100% Whey 2.0 - Banana Cream,44.99,4.0,54,https://www.gnc.com/whey-protein/379976.html,25.0,25.0,120.0,One Scoop (31.37g)
REDCON1 MRE LITE® - Hostess Cupcakes,44.99,5.0,6297,https://www.gnc.com/meal-replacement/549042.html,30.0,26.0,120.0,1 Scoop (33.3g)
REDCON1 MRE LITE - Blueberry Cobbler,44.99,5.0,6297,https://www.gnc.com/meal-replacement/548716.html,30.0,24.0,130.0,1 Scoop(s)
GNC AMP Sustained Protein Blend - Fruity Crisps,49.99,4.5,839,https://www.gnc.com/whey-protein/414774.html,28.0,25.0,130.0,1 Scoop
GNC AMP Pure Isolate Protein - Chocolate Lava Cake,69.99,4.5,749,https://www.gnc.com/whey-protein/414855.html,28.0,25.0,125.0,1 Scoop(s)
GNC Total Lean® Lean Shake™ + Slimvance® Caffeine Free - Vanilla Caramel,59.99,4.0,132,https://www.gnc.com/meal-replacement/369683.html,20.0,25.0,190.0,1 Scoop
GNC AMP MASS XXX™ with MyoTor® - Strawberry,84.99,4.5,172,https://www.gnc.com/mass-gainers/123406.html,13.0,50.0,800.0,4 Scoop(s)
REDCON1 MRE LITE® - Hostess Twinkies,44.99,5.0,6297,https://www.gnc.com/meal-replacement/549041.html,30.0,26.0,120.0,1 Scoop (32.4g)
GHOST® Vegan Protein - Pancake Batter,49.99,4.0,448,https://www.gnc.com/vegan-protein/527942.html,28.0,20.0,110.0,1 Rounded Scoop(s)
Cellucor® C4 Whey Protein - Reese's Peanut Butter & Chocolate,44.99,4.5,42,https://www.gnc.com/whey-protein/448131.html,28.0,25.0,140.0,40.2g (Approx 1 Scoop)
GNC AMP Wheybolic™ - Cookies and Cream,29.99,4.0,1189,https://www.gnc.com/whey-protein/012356.html,10.0,40.0,200.0,2 Scoop(s)
GNC Pro Performance® 100% Whey 2.0 - Chocolate Supreme,24.99,4.0,54,https://www.gnc.com/whey-protein/379964.html,12.0,25.0,120.0,One Scoop (33g)
GNC Total Lean® Lean Shake Classic - Vanilla Bean,29.99,4.5,126,https://www.gnc.com/meal-replacement/370112.html,16.0,9.0,160.0,1 Heaping Scoop
GNC AMP Wheybolic™ - Classic Vanilla,29.99,4.0,1189,https://www.gnc.com/whey-protein/012354.html,10.0,40.0,190.0,2 Scoop(s)
Isopure® Protein Powder - Creamy Vanilla,79.99,4.5,451,https://www.gnc.com/whey-protein/913673.html,44.0,25.0,100.0,1 Scoop(s)
REDCON1 MRE LITE® - Peanut Butter Cookie,44.99,4.5,16,https://www.gnc.com/meal-replacement/548777.html,30.0,24.0,120.0,1 Scoop
Dymatize® ISO100 Hydrolyzed - Fruity Pebbles,49.99,4.5,305,https://www.gnc.com/whey-protein/360012.html,20.0,25.0,110.0,1 Scoop(s)
GNC Total Lean® Lean Shake Classic - Swiss Chocolate,29.99,4.5,126,https://www.gnc.com/meal-replacement/370111.html,16.0,9.0,150.0,1 Heaping Scoop
GNC AMP Pure Isolate Whey Protein - Cookies & Cream,69.99,4.5,749,https://www.gnc.com/whey-protein/414853.html,28.0,25.0,130.0,1 Scoop(s)
GNC AMP Wheybolic™ Ripped - Strawberries and Cream,34.99,4.5,447,https://www.gnc.com/whey-protein/023462.html,9.0,40.0,200.0,2 Scoop(s)
GNC Pro Performance® 100% Casein - Chocolate Supreme,49.99,5.0,2,https://www.gnc.com/casein-protein/739952.html,25.0,25.0,120.0,1 Scoop(s)
Myprotein Clear Whey Isolate - Blue Raspberry,34.99,4.0,8,https://www.gnc.com/clear-protein/607320.html,20.0,20.0,90.0,1 Scoop (25g)
Dymatize® ISO100 Hydrolyzed - Cocoa Pebbles,84.99,4.5,305,https://www.gnc.com/whey-protein/364755.html,43.0,25.0,120.0,1 Scoop(s)
Isopure® Protein Powder - Dutch Chocolate,79.99,4.5,366,https://www.gnc.com/whey-protein/913671.html,42.0,25.0,110.0,2 Scoop(s)
Myprotein Clear Whey Isolate - Tropical Dragon Fruit,34.99,4.0,8,https://www.gnc.com/clear-protein/607318.html,20.0,20.0,90.0,1 Scoop (25g)
Myprotein Clear Whey Isolate - Lemonade,34.99,4.0,8,https://www.gnc.com/clear-protein/607317.html,20.0,20.0,80.0,1 Scoop (25g)
GNC AMP Wheybolic™ - Strawberries and Cream,29.99,4.0,1189,https://www.gnc.com/whey-protein/012355.html,10.0,40.0,200.0,2 Scoop(s)
Dymatize® ISO100 Hydrolyzed - Gourmet Vanilla,49.99,4.5,305,https://www.gnc.com/whey-protein/360015.html,20.0,25.0,110.0,1 Scoop(s)
Myprotein Clear Whey Isolate - Strawberry,34.99,4.0,8,https://www.gnc.com/clear-protein/607319.html,20.0,20.0,90.0,1 Scoop (25g)
Vega® Premium Plant Based Protein - Vanilla,54.99,4.5,788,https://www.gnc.com/plant-based-protein/490027.html,20.0,30.0,150.0,1 Scoop(s)
Raw Nutrition Itholate Protein - Frosted Frenchie,54.99,4.5,35,https://www.gnc.com/whey-protein/604780.html,25.0,25.0,130.0,1 Scoop
Optimum Nutrition Gold Standard 100% Whey™ - Double Rich Chocolate,44.99,4.5,2104,https://www.gnc.com/whey-protein/350280.html,29.0,24.0,120.0,1 Rounded Scoop(s)
Optimum Nutrition Gold Standard 100% Whey™ - Vanilla Ice Cream,44.99,4.5,2104,https://www.gnc.com/whey-protein/350282.html,29.0,24.0,120.0,1 Scoop(s)
GNC AMP Pure Isolate Protein - Strawberry,69.99,4.5,749,https://www.gnc.com/whey-protein/414852.html,28.0,25.0,120.0,1 Scoop
GNC AMP Wheybolic™ Ripped - Classic Vanilla,34.99,4.5,447,https://www.gnc.com/whey-protein/023461.html,9.0,40.0,200.0,2 Scoop(s)
Raw Nutrition Itholate Protein - Birthday Cake,54.99,4.5,35,https://www.gnc.com/whey-protein/604726.html,25.0,25.0,120.0,1 Scoop
Optimum Nutrition Gold Standard 100% Whey™ - Chocolate Peanut Butter,44.99,4.5,2104,https://www.gnc.com/whey-protein/350286.html,27.0,24.0,130.0,1 Scoop(s)
GNC Pro Performance® Weight Gainer - Double Chocolate,34.99,4.0,268,https://www.gnc.com/mass-gainers/369935.html,6.0,50.0,700.0,4 Scoop(s)
Optimum Nutrition Gold Standard 100% Whey™ - French Vanilla Creme,44.99,4.5,2104,https://www.gnc.com/whey-protein/350259.html,29.0,24.0,130.0,1 Scoop(s)
Raw Nutrition Itholate Protein - Rainbow Sherbet,54.99,4.5,35,https://www.gnc.com/whey-protein/604830.html,25.0,25.0,110.0,1 Scoop (31g)
Optimum Nutrition Gold Standard 100% Whey - Delicious Strawberry,84.99,4.5,2104,https://www.gnc.com/whey-protein/350285.html,73.0,24.0,120.0,1 scoop
GNC Pro Performance® 100% Whey 2.0 - Creamy Strawberry,24.99,4.0,54,https://www.gnc.com/whey-protein/379970.html,12.0,25.0,120.0,One Scoop (31.01g)
GNC Pro Performance® 100% Whey 2.0 - Vanilla Cream,24.99,4.0,54,https://www.gnc.com/whey-protein/379967.html,12.0,25.0,120.0,One Scoop (30.77g)
GHOST® Vegan Protein - Banana Pancake Batter,49.99,4.0,448,https://www.gnc.com/vegan-protein/527958.html,28.0,20.0,110.0,1 Rounded Scoop(s)
GNC AMP Wheybolic™ Alpha with MyoTor® - Chocolate Fudge,34.99,4.0,76,https://www.gnc.com/whey-protein/034575.html,9.0,20.0,110.0,1 Scoop(s)
Axe & Sledge Supplements™ Whey More - Brownie Batter,54.99,5.0,123,https://www.gnc.com/whey-protein/581669.html,30.0,24.0,130.0,1 Scoop(s)
GNC AMP Wheybolic™ - Chocolate Fudge,29.99,4.0,1189,https://www.gnc.com/whey-protein/012353.html,10.0,40.0,200.0,2 Scoop(s)
Optimum Nutrition Gold Standard 100% Whey™ - Extreme Milk Chocolate,44.99,4.5,2104,https://www.gnc.com/whey-protein/350257.html,28.0,24.0,130.0,1 Scoop(s)
BSN® SYNTHA-6 Premium Protein - Chocolate Milkshake,52.99,4.5,271,https://www.gnc.com/whey-protein/387322.html,28.0,22.0,200.0,1 Scoop(s)
GNC Total Lean® Lean Shake™ + Slimvance® Caffeine Free - Chocolate Peanut Butter,59.99,4.0,132,https://www.gnc.com/meal-replacement/369680.html,20.0,25.0,190.0,1 Scoop
Dymatize® ISO100 Hydrolyzed - Cocoa Pebbles,49.99,4.5,305,https://www.gnc.com/whey-protein/360013.html,20.0,25.0,120.0,1 Scoop(s)
GNC AMP Pure Isolate Whey Protein - Vanilla Custard,69.99,4.5,749,https://www.gnc.com/whey-protein/414851.html,28.0,25.0,120.0,1 Scoop
Isopure® Protein Powder - Cookies and Cream,79.99,4.5,451,https://www.gnc.com/whey-protein/916028.html,44.0,25.0,210.0,2 Scoop(s)
Dymatize® ISO100 Hydrolyzed - Gourmet Chocolate,49.99,4.5,305,https://www.gnc.com/whey-protein/360014.html,20.0,25.0,120.0,1 Scoop(s)
NutraBio® Whey Protein Isolate - Dutch Chocolate,109.99,4.5,80,https://www.gnc.com/whey-protein/216377.html,74.0,25.0,120.0,1 Scoop (30.41g)
Dymatize® ISO100 Hydrolyzed - Chocolate Peanut Butter,49.99,4.5,305,https://www.gnc.com/whey-protein/364760.html,20.0,25.0,120.0,1 Scoop(s)
Vega® Premium Plant Based Protein - Chocolate,54.99,4.5,788,https://www.gnc.com/plant-based-protein/490026.html,20.0,15.0,80.0,1/2 scoop
Dymatize® ISO100 Hydrolyzed - Salted Caramel,49.99,4.5,305,https://www.gnc.com/whey-protein/365176.html,20.0,25.0,110.0,1 Scoop (30g)
Optimum Nutrition Gold Standard 100% Whey™ - Cookies N' Cream,44.99,4.5,2104,https://www.gnc.com/whey-protein/350253.html,27.0,24.0,130.0,1 Scoop(s)
Cellucor® C4 Whey Protein - Hershey's Milk Chocolate,44.99,4.5,42,https://www.gnc.com/whey-protein/448132.html,28.0,25.0,130.0,36g (Approx 1 Scoop)
Alpha Lion Superhuman 100% Whey Protein Isolate - Cinnamon Swole Cereal,59.99,4.5,1601,https://www.gnc.com/whey-protein/593743.html,28.0,25.0,110.0,1 Scoop
GNC Pro Performance® Weight Gainer - Strawberries and Cream,34.99,4.0,268,https://www.gnc.com/mass-gainers/369937.html,6.0,50.0,700.0,4 Scoop(s)
NutraBio® Whey Protein Isolate - Alpine Vanilla,109.99,4.5,80,https://www.gnc.com/whey-protein/216380.html,76.0,25.0,120.0,1 scoop
Optimum Nutrition Gold Standard 100% Whey - Delicious Strawberry,44.99,4.5,2104,https://www.gnc.com/whey-protein/350284.html,29.0,24.0,120.0,1 scoop
BSN® SYNTHA-6 Premium Protein - Vanilla Ice Cream,79.99,4.5,271,https://www.gnc.com/whey-protein/387438.html,48.0,22.0,200.0,1 Rounded Scoop(s)
Dymatize® ISO 100® Hydrolyzed Protein - Cinnamon Cereal,49.99,4.5,305,https://www.gnc.com/whey-protein/364764.html,20.0,25.0,110.0,1 scoop
Hi-Tech Pharm Precision Protein - Cookies & Cream,59.99,5.0,10,https://www.gnc.com/whey-protein/112676.html,28.0,25.0,130.0,1 Rounded Scoop
G6 Sports Prolific Isolate - Vanilla,109.99,5.0,45,https://www.gnc.com/whey-protein/449545.html,40.0,24.0,100.0,1 Scoop(s)
Dymatize® ISO100 Hydrolyzed Whey Protein - Gourmet Vanilla,84.99,4.5,305,https://www.gnc.com/whey-protein/364753.html,46.0,25.0,120.0,1 Scoop(s)
REDCON1 MRE Whole Food Protein - Cookies & Cream,79.99,5.0,1951,https://www.gnc.com/meal-replacement/218688.html,25.0,47.0,520.0,4 Scoop(s)
REDCON1 MRE Whole Food Protein - Peanut Butter Cookie,79.99,5.0,1951,https://www.gnc.com/meal-replacement/548862.html,25.0,47.0,530.0,4 Scoop(s)
101™ One of One Whey Protein - Classic Vanilla,44.99,5.0,1,https://www.gnc.com/whey-protein/616003.html,26.0,25.0,130.0,1 Scoop (34g)
NutraBio® Whey Protein Isolate - Ice Cream Cookie Dream,59.99,4.5,80,https://www.gnc.com/whey-protein/218003.html,29.0,25.0,120.0,1 scoop
Isopure® Clear Protein Powder - Tropical Punch,34.99,4.5,110,https://www.gnc.com/whey-protein/916165.html,16.0,20.0,90.0,1 Scoop(s)
GNC Pro Performance® Bulk 1340 - Double Chocolate,81.99,4.5,837,https://www.gnc.com/mass-gainers/414803.html,15.0,50.0,1340.0,6 Scoop (360g)
GNC Pro Performance® Bulk 1340 - Vanilla Ice Cream,81.99,4.5,837,https://www.gnc.com/mass-gainers/414804.html,15.0,50.0,1340.0,6 Scoop (360g)
REDCON1 MRE Meal Replacement - Banana Nut Bread,79.99,5.0,1951,https://www.gnc.com/meal-replacement/548869.html,25.0,51.0,520.0,4 Scoop(s)
Hi-Tech Pharm Precision Protein - Honey Granola,59.99,5.0,10,https://www.gnc.com/whey-protein/112679.html,28.0,25.0,130.0,1 Rounded Scoop
REDCON1 MRE® Meal Replacement - Vanilla Milkshake,79.99,5.0,1951,https://www.gnc.com/meal-replacement/548779.html,30.0,47.0,530.0,4 Scoop
Isopure® Protein Powder - Strawberries and Cream,79.99,4.5,451,https://www.gnc.com/whey-protein/913672.html,44.0,25.0,100.0,1 Scoop(s)
Hi-Tech Pharm Precision Protein - Vanilla Ice Cream,109.99,5.0,10,https://www.gnc.com/whey-protein/112698.html,70.0,25.0,130.0,1 scoop (32 g)
Dymatize® ISO100® - Cookies and Cream,49.99,4.5,305,https://www.gnc.com/whey-protein/364759.html,20.0,25.0,110.0,1 Scoop(s)
Huel® Black Edition: High-Protein Meal Powder - Vanilla,39.99,5.0,7,https://www.gnc.com/meal-replacement/638925.html,10.0,40.0,400.0,2 Scoops (90g)
GNC Wheybolic™ Ripped - Chocolate Fudge,34.99,4.5,447,https://www.gnc.com/whey-protein/023460.html,9.0,40.0,200.0,2 Scoop(s)
Huel® Black Edition: High-Protein Meal Powder - Chocolate,39.99,5.0,7,https://www.gnc.com/meal-replacement/638924.html,10.0,40.0,400.0,2 Scoops (90g)
Raw Nutrition Itholate Protein - Christopher's Secret Whey,49.99,4.5,35,https://www.gnc.com/whey-protein/604782.html,25.0,25.0,130.0,1 Scoop (33.7g)
PMD® Amplify XL® - Double Chocolate Explosion,109.99,4.5,55,https://www.gnc.com/mass-gainers/966845.html,48.0,25.0,140.0,1 Scoop(s)
Huel® Black Edition: High-Protein Meal Powder - Banana,39.99,5.0,7,https://www.gnc.com/meal-replacement/638926.html,10.0,40.0,400.0,2 Scoops (90g)
Hi-Tech Pharm Precision Protein - Vanilla Ice Cream,59.99,5.0,10,https://www.gnc.com/whey-protein/112684.html,28.0,25.0,130.0,1 Rounded Scoop
Alpha Lion Superhuman 100% Whey Protein Isolate - Vanilla Ice Cream,59.99,4.5,1601,https://www.gnc.com/whey-protein/593715.html,28.0,25.0,110.0,1 Scoop(s)
G6 Sports Prolific Isolate - Chocolate,109.99,5.0,45,https://www.gnc.com/whey-protein/449544.html,40.0,24.0,100.0,1 Scoop(s)
Dymatize® ISO100 Hydrolyzed - Fruity Pebbles,84.99,4.5,305,https://www.gnc.com/whey-protein/364754.html,46.0,25.0,110.0,1 Scoop(s)
PMD® Amplify® XL - Cinnamon Toast,67.99,4.5,55,https://www.gnc.com/mass-gainers/966888.html,24.0,25.0,140.0,1 Scoop(s)
Hi-Tech Pharm Precision Protein - Strawberry Ice Cream,59.99,5.0,10,https://www.gnc.com/whey-protein/112683.html,28.0,25.0,130.0,1 Rounded Scoop
REDCON1 MRE® Meal Replacement - Fudge Brownie,79.99,5.0,1951,https://www.gnc.com/meal-replacement/548861.html,30.0,52.0,530.0,4 Scoop(s)
Isopure® Protein Powder - Banana Cream,79.99,4.5,451,https://www.gnc.com/whey-protein/916079.html,44.0,25.0,100.0,1 Scoop(s)
PMD® Amplify XL® - Vanilla Flex,109.99,4.5,55,https://www.gnc.com/mass-gainers/966847.html,48.0,25.0,140.0,1 Scoop(s)
GNC AMP Wheybolic™ Alpha with MyoTor® - Classic Vanilla,34.99,4.0,76,https://www.gnc.com/whey-protein/034576.html,9.0,20.0,110.0,2 Scoops
Cellucor® C4 Whey Protein - Vanilla Bean,44.99,4.5,42,https://www.gnc.com/whey-protein/448130.html,28.0,25.0,130.0,34.5g (Approx 1 Scoop)
NutraBio® Whey Protein Isolate - Strawberry Ice Cream,59.99,4.5,80,https://www.gnc.com/whey-protein/216378.html,30.0,25.0,120.0,1 scoop
Beyond Raw® Dynamic Whey High-Tech Protein - Vanilla Ice Cream,39.99,4.5,25,https://www.gnc.com/whey-protein/576638.html,25.0,25.0,130.0,1 Scoop
Vega® Essential Protein - Creamy Chocolate,29.99,5.0,173,https://www.gnc.com/vegan-protein/490092.html,20.0,25.0,180.0,2 scoops
Mutant IsoSurge Whey Protein Isolate - Vanilla Ice Cream,39.99,5.0,18,https://www.gnc.com/whey-protein/433533.html,23.0,25.0,110.0,1 scoop
PEScience Select Protein - Chocolate Truffle,44.99,5.0,4,https://www.gnc.com/protein-powder/503209.html,27.0,23.0,125.0,1 Scoop (33g)
BSN® Syntha-6 Edge™ - Cookies and Cream,49.99,5.0,92,https://www.gnc.com/whey-protein/387659.html,28.0,24.0,150.0,1 Scoop(s)
Optimum Nutrition Gold Standard 100% Whey™ - Chocolate Hazelnut,44.99,4.5,2104,https://www.gnc.com/whey-protein/350287.html,27.0,24.0,130.0,1 Scoop(s)
NutraBio® Clear Whey Protein Isolate - Mango Mist,44.99,4.5,3,https://www.gnc.com/whey-protein/527170.html,20.0,20.0,80.0,1 Scoop
Axe & Sledge Supplements™ Whey More - Banana Split Sundae,54.99,5.0,123,https://www.gnc.com/whey-protein/581717.html,30.0,24.0,130.0,Scoop (33.9g)
PMD® Amplify XL® - Strawberry Slam,67.99,4.5,55,https://www.gnc.com/mass-gainers/967037.html,24.0,25.0,140.0,1 Scoop(s)
BSN® SYNTHA-6 Premium Protein - Strawberry Milkshake,79.99,4.5,271,https://www.gnc.com/whey-protein/387439.html,48.0,22.0,190.0,1 Rounded Scoop(s)
GNC Pro Performance® 100% Whey 2.0 - Cookies & Cream,24.99,4.0,54,https://www.gnc.com/whey-protein/379973.html,12.0,25.0,130.0,One Scoop (34.4g)
GNC AMP Plant Isolate Protein - Strawberry Banana,49.99,4.0,86,https://www.gnc.com/plant-based-protein/414864.html,28.0,25.0,130.0,1 Scoop(s)
GNC AMP Pure Isolate Whey Protein - Chocolate Peanut Butter Cup,69.99,4.5,749,https://www.gnc.com/whey-protein/414854.html,28.0,25.0,120.0,1 Scoop
Vega® Performance Plant-Based Protein – Berry,54.99,4.5,788,https://www.gnc.com/plant-based-protein/490029.html,19.0,15.0,80.0,1 scoop (42 g)
Raw Nutrition Vegan Protein - Cookies & Cream,54.99,0.0,0,https://www.gnc.com/vegan-protein/604761.html,25.0,20.0,110.0,1 scoop
NutraBio® Whey Protein Isolate - Raw Unflavored,59.99,4.5,80,https://www.gnc.com/whey-protein/218004.html,31.0,25.0,110.0,1 Scoop
Dymatize® ISO100 Hydrolyzed Whey Protein - Gourmet Chocolate,84.99,4.5,305,https://www.gnc.com/whey-protein/364752.html,43.0,25.0,120.0,1 Scoop(s)
NDS Nutrition™ Amplify® Smoothie - Creamy Chocolate,59.99,5.0,35,https://www.gnc.com/whey-protein/967000.html,30.0,20.0,110.0,1 Scoop(s)
Optimum Nutrition Serious Mass™ - Chocolate,54.99,4.5,437,https://www.gnc.com/mass-gainers/350315.html,8.0,50.0,1250.0,2 Heaping Scoop(s)
REDCON1 MRE LITE® x Deion Sanders - Strawberry Cheesecake,29.99,5.0,6297,https://www.gnc.com/meal-replacement/549027.html,20.0,24.0,130.0,1 scoop
Raw Nutrition Vegan Protein - Chocolate,54.99,0.0,0,https://www.gnc.com/vegan-protein/604760.html,25.0,20.0,120.0,1 scoop
Optimum Nutrition Serious Mass™ - Vanilla,54.99,4.5,437,https://www.gnc.com/mass-gainers/350365.html,8.0,50.0,1250.0,2 Heaping Scoop(s)
Mutant Mass Gainer - Strawberry Banana,54.99,5.0,13,https://www.gnc.com/mass-gainers/433531.html,16.0,28.0,550.0,2 scoops
101™ One of One Whey Protein - Milk Chocolate,44.99,5.0,1,https://www.gnc.com/whey-protein/616001.html,26.0,25.0,130.0,1 Scoop (34.5g)
Mutant IsoSurge Whey Protein Isolate - Triple Chocolate,39.99,5.0,18,https://www.gnc.com/whey-protein/433534.html,23.0,25.0,120.0,1 scoop
Optimum Nutrition Serious Mass™ - Chocolate Peanut Butter,54.99,4.5,437,https://www.gnc.com/mass-gainers/352360.html,8.0,50.0,1250.0,2 Scoop(s)
GNC Pro Performance® 100% Whey 2.0 - Unflavored,21.99,4.0,54,https://www.gnc.com/whey-protein/379958.html,12.0,25.0,110.0,One Scoop (30.03g)
Blessed Plant Protein Powder - Cookies & Cream,49.99,5.0,1772,https://www.gnc.com/plant-based-protein/559635.html,30.0,24.0,140.0,1 Scoop (35.5g)
Dymatize® ISO100® Whey Protein Isolate - Dunkin'™ Cappuccino,49.99,4.5,42,https://www.gnc.com/whey-protein/370045.html,20.0,25.0,110.0,1 Scoop(s)
Mutant Mass Gainer - Vanilla Ice Cream,54.99,5.0,13,https://www.gnc.com/mass-gainers/433529.html,16.0,28.0,550.0,2 scoops
Optimum Nutrition Gold Standard 100% Whey™ - Chocolate Malt,44.99,4.5,2104,https://www.gnc.com/whey-protein/350209.html,29.0,24.0,120.0,1 Rounded Scoop(s)
Optimum Nutrition Gold Standard 100% Whey™ - Banana Cream,44.99,4.5,2104,https://www.gnc.com/whey-protein/350255.html,29.0,24.0,130.0,31g or 1 scoop
NDS Nutrition™ Amplify® Smoothie - Vanilla Crème,59.99,5.0,35,https://www.gnc.com/whey-protein/967001.html,30.0,20.0,110.0,1 Scoop(s)
PMD® Amplify XL® - Vanilla Flex,67.99,4.5,55,https://www.gnc.com/mass-gainers/966846.html,24.0,25.0,140.0,1 Scoop(s)
REDCON1 MRE LITE® x Deion Sanders - Red Velvet,29.99,5.0,6297,https://www.gnc.com/meal-replacement/549028.html,20.0,24.0,135.0,1 scoop
Basic Supplements Whey Protein Blend - Vanilla,39.99,5.0,1,https://www.gnc.com/whey-protein/614002.html,27.0,25.0,130.0,1 scoop
PEScience Select Protein - Cake Pop,44.99,5.0,4,https://www.gnc.com/protein-powder/503208.html,27.0,24.0,120.0,1 Scoop (32.5g)
Gorilla Mind® Gorilla Mode Premium Protein - Milk Chocolate,49.99,4.5,1455,https://www.gnc.com/whey-protein/608604.html,30.0,25.0,130.0,1 scoop (37g)
GNC Total Lean® Zero Sugar Protein - Rich Chocolate,34.99,5.0,27,https://www.gnc.com/protein-shakes/576625.html,20.0,20.0,90.0,1 Servings
G6 Sports Super-Lean Meal Replacement - Vanilla,89.99,5.0,13,https://www.gnc.com/whey-protein/449538.html,16.0,31.0,303.0,2 Scoop(s)
GNC AMP Wheybolic™ Ripped - Cookies and Cream,34.99,4.5,447,https://www.gnc.com/whey-protein/023463.html,9.0,40.0,190.0,2 Rounded Scoop(s)
Mutant Mass Gainer - Triple Chocolate,54.99,5.0,13,https://www.gnc.com/mass-gainers/433530.html,16.0,28.0,550.0,2 scoops
SDC Nutrition PROLIFIC™ ISOLATE - Chocolate Peanut Butter,109.99,5.0,6,https://www.gnc.com/whey-protein/520818.html,40.0,24.0,100.0,1 Scoop(s)
PMD® Amplify XL® - Mango Mania,67.99,4.5,55,https://www.gnc.com/mass-gainers/967010.html,24.0,25.0,140.0,1 Scoop(s)
PMD® Amplify® XL - Peanut Butter Cup,67.99,4.5,55,https://www.gnc.com/mass-gainers/966889.html,24.0,25.0,160.0,1 Scoop(s)
Vega® Essential Protein - Creamy Vanilla,29.99,5.0,173,https://www.gnc.com/vegan-protein/490093.html,20.0,25.0,180.0,2 scoops
Raw Nutrition Vegan Protein - Vanilla,54.99,0.0,0,https://www.gnc.com/vegan-protein/604763.html,25.0,20.0,110.0,1 scoop
Optimum Nutrition Gold Standard 100% Whey - Caramel Macchiato,39.99,4.5,2104,https://www.gnc.com/whey-protein/352113.html,29.0,24.0,120.0,32g (about 1 scoop)
Alpha Lion Superhuman 100% Whey Protein Isolate - Peanut Butter Candy PB & Gains,59.99,4.5,1601,https://www.gnc.com/whey-protein/593711.html,28.0,28.0,150.0,1 Scoop(s)
Portions Master® Vegan Plant Protein - Chocolate,49.99,5.0,1,https://www.gnc.com/plant-based-protein/560474.html,30.0,18.0,100.0,25 g (one scoop)
Raw Nutrition Isolate Protein - Peanut Butter,54.99,4.5,6,https://www.gnc.com/whey-protein/604733.html,25.0,26.0,120.0,1 scoop
Basic Supplements Whey Protein Blend - Blue Marshmallow,39.99,5.0,1,https://www.gnc.com/whey-protein/614000.html,27.0,25.0,130.0,1 scoop
Alpha Lion Superhuman 100% Whey Protein Isolate - Orange Creamsicle Gainsicle,59.99,4.5,1601,https://www.gnc.com/whey-protein/593713.html,28.0,25.0,120.0,1 Scoop(s)
MuscleSport Lean Whey Iso-Hydro Protein - Chocolate Peanut Butter,69.99,4.0,8,https://www.gnc.com/whey-protein/607502.html,26.0,25.0,130.0,1 Scoop
Dymatize® ISO 100® Whey Protein Isolate - Dunkin® Glazed Donut,44.99,4.5,305,https://www.gnc.com/whey-protein/364709.html,20.0,25.0,120.0,1 Scoop
Beyond Raw® Dynamic Whey High-Tech Protein - Tiramisu,39.99,4.5,25,https://www.gnc.com/whey-protein/576635.html,25.0,25.0,130.0,1 Scoop
Dymatize® ISO100® Whey Protein Isolate - Dunkin'™ Mocha Latte,49.99,4.5,42,https://www.gnc.com/whey-protein/370044.html,20.0,25.0,120.0,1 Scoop(s)
Raw Nutrition Mass Gainer - Chocolate,54.99,4.5,5,https://www.gnc.com/mass-gainers/604784.html,10.0,53.0,1070.0,4 Scoops (275g)
SNAP® Supplements Plant Based Vegan Protein Powder - Vanilla,39.99,4.5,85,https://www.gnc.com/vegan-protein/591336.html,30.0,21.0,101.0,1 Scoop(s)
Blessed Plant Protein Powder - Strawberry Mylk,49.99,5.0,1772,https://www.gnc.com/plant-based-protein/559636.html,30.0,23.0,130.0,1 Scoop (35.5g)
MuscleSport Lean Whey Iso-Hydro Protein - Vanilla Ice Cream,69.99,4.0,8,https://www.gnc.com/whey-protein/607500.html,26.0,25.0,120.0,1 Scoop
Raw Nutrition Isolate Protein - Dark Chocolate,54.99,4.5,6,https://www.gnc.com/whey-protein/604732.html,25.0,26.0,130.0,1 scoop
PEScience Select Protein - Chocolate Peanut Butter Cup,44.99,5.0,4,https://www.gnc.com/protein-powder/503212.html,27.0,23.0,120.0,1 Scoop (32.5g)
GNC Total Lean® Zero Sugar Protein - French Vanilla,34.99,5.0,27,https://www.gnc.com/protein-shakes/576626.html,20.0,20.0,90.0,1 Servings
Dymatize® ISO 100® Hydrolyzed Protein Powder - Birthday Cake Pebbles™,49.99,4.5,305,https://www.gnc.com/whey-protein/364757.html,20.0,25.0,110.0,1 Scoop
Isopure® Protein Powder - Toasted Coconut,69.99,4.5,366,https://www.gnc.com/whey-protein/916143.html,42.0,25.0,110.0,1 scoop
REDCON1 Mass Gainer - Chocolate,44.99,4.5,10,https://www.gnc.com/mass-gainers/549011.html,8.0,50.0,1230.0,5 scoops
Hi-Tech Pharm Precision Protein - Chocolate Fudge Brownie,59.99,5.0,10,https://www.gnc.com/whey-protein/112672.html,28.0,25.0,130.0,1 Rounded Scoop
BSN® SYNTHA-6 Premium Protein - Strawberry Milkshake,52.99,4.5,271,https://www.gnc.com/whey-protein/387320.html,28.0,22.0,190.0,1 Rounded Scoop(s)
PMD® Amplify® XL - Toffee Macchiato,67.99,4.5,55,https://www.gnc.com/mass-gainers/966890.html,24.0,25.0,160.0,1 Servings
NutraBio® Whey Protein Isolate - Blueberry Muffin,59.99,4.5,80,https://www.gnc.com/whey-protein/527176.html,30.0,25.0,120.0,1 scoop
101™ One of One Whey Protein - Toasted Marshmallow,44.99,5.0,1,https://www.gnc.com/whey-protein/616002.html,27.0,25.0,130.0,1 Scoop (33.5g)
Raw Nutrition Isolate Protein - Vanilla,54.99,4.5,6,https://www.gnc.com/whey-protein/604734.html,25.0,25.0,100.0,1 scoop
AboutTime® Whey Protein Isolate - Chocolate,79.99,4.5,34,https://www.gnc.com/whey-protein/449555.html,32.0,25.0,100.0,1 Scoop(s)
Wild Society Nutrition Clear Whey Isolate Protein with Electrolytes - Strawberry Coconut,39.99,4.5,5,https://www.gnc.com/clear-protein/614602.html,16.0,20.0,90.0,1 Scoop (27g)
PMD® Amplify XL® - Double Chocolate Explosion,67.99,4.5,55,https://www.gnc.com/mass-gainers/966844.html,24.0,25.0,140.0,1 Scoop(s)
SNAP® Supplements Plant Based Vegan Protein Powder - Chocolate,39.99,4.5,85,https://www.gnc.com/vegan-protein/591337.html,30.0,21.0,113.0,1 Scoop(s)
Beyond Raw® Dynamic Whey High-Tech Protein - Chocolate Lave Cake,39.99,4.5,25,https://www.gnc.com/whey-protein/576636.html,25.0,25.0,130.0,1 Scoop
NDS Nutrition™ Tripact Protein - Vanilla Latte & Cinnamon,79.99,4.5,5,https://www.gnc.com/whey-protein/384624.html,40.0,25.0,140.0,1 Scoop
Green Regimen Plant Based Elite Protein - Creamy Vanilla,59.99,5.0,6,https://www.gnc.com/plant-based-protein/612400.html,20.0,25.0,150.0,1 scoop (41.5g)
BSN® True-Mass® - Chocolate Milkshake,89.99,4.5,50,https://www.gnc.com/mass-gainers/387318.html,16.0,46.0,700.0,3 Scoop(s)
REDCON1 Mass Gainer - Vanilla,44.99,4.5,10,https://www.gnc.com/mass-gainers/549010.html,8.0,50.0,1270.0,5 scoops
Wild Society Nutrition 100% Grass Fed Whey Protein Powder - Dutch Chocolate,34.99,4.5,4,https://www.gnc.com/whey-protein/614600.html,15.0,25.0,130.0,1 Scoop (34g)
Hi-Tech Pharm Precision Protein - Chocolate Ice Cream,109.99,5.0,10,https://www.gnc.com/whey-protein/112687.html,70.0,25.0,130.0,1 Rounded Scoop
Raw Nutrition Isolate Protein - Peanut Butter Banana,54.99,4.5,6,https://www.gnc.com/whey-protein/604927.html,25.0,25.0,130.0,1 scoop (36.3g)
Isopure® Protein Powder - Dutch Chocolate,29.99,4.5,366,https://www.gnc.com/whey-protein/916097.html,14.0,50.0,110.0,2 Scoop(s)
Raw Nutrition Mass Gainer - Vanilla,54.99,4.5,5,https://www.gnc.com/mass-gainers/604785.html,10.0,53.0,1070.0,4 Scoops (275g)
NutraBio® Clear Whey Protein Isolate - Watermelon Breeze,44.99,4.5,3,https://www.gnc.com/whey-protein/527171.html,20.0,20.0,80.0,1 Scoops
G6 Sports Mass Pro High Protein Mass Gainer- Chocolate,99.99,4.5,28,https://www.gnc.com/mass-gainers/520823.html,14.0,64.0,830.0,5 Scoop(s)
G6 Sports Mass Pro High Protein Mass Gainer - Cookie Butter,99.99,4.5,28,https://www.gnc.com/mass-gainers/520825.html,14.0,64.0,820.0,5 scoops ( 218.1g )
BSN® SYNTHA-6® - Cold Stone Creamery: Mint Mint Chocolate Chocolate Chip™,52.99,4.0,49,https://www.gnc.com/whey-protein/387707.html,25.0,22.0,200.0,1 Scoop(s)
Planta Plant Protein - Chocolate Caramel Candy Bar,34.99,5.0,148,https://www.gnc.com/plant-based-protein/608838.html,14.0,20.0,110.0,1 Scoop (32g)
Mutant Mass Gainer - Cookies & Cream,54.99,5.0,13,https://www.gnc.com/mass-gainers/433532.html,16.0,28.0,550.0,2 scoops
Hi-Tech Pharm Precision Protein - Cinnamon Cereal Crunch,59.99,5.0,10,https://www.gnc.com/whey-protein/112675.html,28.0,25.0,130.0,1 Rounded Scoop
BSN® True-Mass® - Vanilla Ice Cream,89.99,4.5,50,https://www.gnc.com/mass-gainers/387319.html,16.0,50.0,700.0,3 Scoop(s)
G6 Sports Mass Pro High Protein Mass Gainer- Vanilla,99.99,4.5,28,https://www.gnc.com/mass-gainers/520824.html,14.0,64.0,820.0,5 Scoop(s)
Wild Society Nutrition 100% Grass Fed Whey Protein Powder - Vanilla Bean,34.99,4.5,4,https://www.gnc.com/whey-protein/614601.html,15.0,25.0,130.0,1 Scoop (33g)
Optimum Nutrition Gold Standard® 100% Isolate - Rich Vanilla,54.99,4.5,196,https://www.gnc.com/whey-protein/352556.html,24.0,25.0,100.0,1 Scoop(s)
Wild Society Nutrition Clear Whey Isolate Protein with Electrolytes - Watermelon Lime,39.99,4.5,5,https://www.gnc.com/clear-protein/614603.html,16.0,20.0,90.0,1 Scoop (27g)
SNAP® Supplements Plant Based Vegan Protein Powder - Banana,39.99,4.5,85,https://www.gnc.com/vegan-protein/591338.html,30.0,21.0,101.0,1 Scoop(s)
Cellucor® C4 Whey Protein - Vanilla Bean,82.99,4.5,42,https://www.gnc.com/whey-protein/448016.html,66.0,25.0,130.0,34.5g (Approx 1 Scoop)
Basic Supplements Whey Protein Blend - Chocolate,39.99,5.0,1,https://www.gnc.com/whey-protein/614001.html,27.0,25.0,130.0,1 scoop
Isopure® Protein Powder - Chocolate Peanut Butter,69.99,4.5,366,https://www.gnc.com/whey-protein/135725.html,40.0,25.0,110.0,1 scoop
NutraBio® Whey Protein Isolate - Vanilla Caramel,59.99,4.5,80,https://www.gnc.com/whey-protein/527179.html,29.0,25.0,120.0,1 scoop
Myprotein Origin Whey Protein - Butter Pecan Ice Cream,34.99,5.0,2,https://www.gnc.com/whey-protein/607311.html,15.0,30.0,160.0,2 Scoops (45.5g)
Portions Master® Vegan Protein Blend - Mocha,49.99,5.0,3,https://www.gnc.com/vegan-protein/560484.html,30.0,16.0,90.0,25 g (one scoop)
MRI® Performance Ultra Whey Protein - Fruity Crunch,44.99,5.0,1,https://www.gnc.com/whey-protein/560457.html,28.0,25.0,120.0,1 Rounded Scoop (32g)
Vega® Performance Plant-Based Protein - Peanut Butter,54.99,4.5,788,https://www.gnc.com/plant-based-protein/490036.html,19.0,30.0,170.0,1 scoop
BSN® SYNTHA-6 Premium Protein - Vanilla Ice Cream,52.99,4.5,271,https://www.gnc.com/whey-protein/387321.html,28.0,22.0,200.0,1 Scoop(s)
Vega® Protein + Creatine - Creamy Chocolate,42.99,4.5,58,https://www.gnc.com/vegan-protein/490009.html,20.0,30.0,190.0,1 scoop (48g)
Isopure® Protein Powder - Creamy Vanilla,29.99,4.5,451,https://www.gnc.com/whey-protein/916098.html,15.0,25.0,100.0,2 Scoop(s)
Vega® Premium Protein + Supergreens - Creamy Chocolate,33.99,0.0,0,https://www.gnc.com/plant-based-protein/489937.html,13.0,25.0,180.0,1 scoop (46g)
BSN® Syntha-6 Edge™ - Vanilla Milkshake,49.99,5.0,92,https://www.gnc.com/whey-protein/387656.html,28.0,24.0,160.0,38g 1 scoop
BSN® Syntha-6 Edge - Strawberry Milkshake,49.99,5.0,92,https://www.gnc.com/whey-protein/387657.html,28.0,24.0,160.0,38g 1 scoop
NutraBio® Whey Protein Isolate - Cinnamon Sugar Donut,59.99,4.5,80,https://www.gnc.com/whey-protein/527173.html,30.0,25.0,120.0,1 scoop
Blessed Gainz Wholefood Muscle Gainer - Peanut Butter,59.99,5.0,45,https://www.gnc.com/mass-gainers/559638.html,20.0,40.0,290.0,2 Scoops (73.7g)
Vega® Protein + Creatine - Creamy Vanilla,42.99,4.5,58,https://www.gnc.com/vegan-protein/489985.html,20.0,30.0,190.0,1 scoop (48g)
Vega® Premium Protein + Supergreens - Creamy Vanilla,33.99,0.0,0,https://www.gnc.com/plant-based-protein/489936.html,13.0,25.0,180.0,1 scoop (46g)
Myprotein Origin Whey Protein - Vanilla Swirl,34.99,5.0,2,https://www.gnc.com/whey-protein/607313.html,15.0,30.0,160.0,2 Scoops (46g)
Portions Master® Protein Whey Isolate - Peanut Butter Cup,59.99,5.0,3,https://www.gnc.com/whey-protein/560493.html,32.0,24.0,100.0,1 Scoop
Isopure® Protein Powder - Unflavored,29.99,4.5,451,https://www.gnc.com/whey-protein/135722.html,16.0,25.0,100.0,29g 1 scoop
NutraBio® Classic Whey - Chocolate Milkshake,44.99,4.0,21,https://www.gnc.com/whey-protein/216291.html,27.0,25.0,130.0,1 scoop
G6 Sports Super-Lean Meal Replacement - Chocolate,89.99,5.0,13,https://www.gnc.com/whey-protein/449537.html,16.0,32.0,315.0,2 Scoop(s)
NDS Nutrition™ Tripact Protein - Creamy Chocolate,49.99,4.5,5,https://www.gnc.com/whey-protein/384626.html,20.0,25.0,140.0,1 Scoop
BSN® SYNTHA-6™ - Cold Stone Creamery: Germanchokolatekake™,49.99,4.0,49,https://www.gnc.com/whey-protein/387706.html,25.0,22.0,200.0,1 Scoop(s)
Hi-Tech Pharm Precision Protein - Chocolate Ice Cream,59.99,5.0,10,https://www.gnc.com/whey-protein/112673.html,28.0,25.0,130.0,1 Rounded Scoop
NDS Nutrition™ Tripact Protein - Creamy Chocolate,79.99,4.5,5,https://www.gnc.com/whey-protein/384623.html,40.0,25.0,140.0,1 Scoop ( 35.8g )
Planta Plant Protein - Banana Maple French Toast,34.99,5.0,148,https://www.gnc.com/plant-based-protein/608837.html,14.0,20.0,110.0,1 Scoop (29.3g)
MuscleSport Lean Whey Iso-Hydro Protein - Chocolate Ice Cream,69.99,4.0,8,https://www.gnc.com/whey-protein/607501.html,26.0,25.0,120.0,1 Scoop
MuscleSport Lean Whey Iso-Hydro Protein - Lean Charms,69.99,4.0,8,https://www.gnc.com/whey-protein/607505.html,26.0,25.0,130.0,1 Scoops
MuscleSport Lean Whey Iso-Hydro Protein - Protella,69.99,4.0,8,https://www.gnc.com/whey-protein/607506.html,26.0,25.0,130.0,1 Scoop
AboutTime® Whey Protein Isolate - Vanilla,79.99,4.5,34,https://www.gnc.com/whey-protein/449559.html,32.0,25.0,110.0,1 Scoop(s)
Optimum Nutrition Serious Mass™ - Strawberry,54.99,4.5,437,https://www.gnc.com/mass-gainers/352341.html,8.0,50.0,1250.0,2 Heaping Scoops
NutraBio® Whey Protein Isolate - Chocolate Peanut Butter Bliss,59.99,4.5,80,https://www.gnc.com/whey-protein/527172.html,29.0,25.0,120.0,1 Scoop
MuscleSport Lean Whey Iso-Hydro Protein - Strawberry Ice Cream,69.99,4.0,8,https://www.gnc.com/whey-protein/607503.html,26.0,25.0,120.0,1 Scoops
Planta Plant Protein - Strawberry Ice Cream,34.99,5.0,148,https://www.gnc.com/plant-based-protein/608841.html,14.0,20.0,110.0,1 Scoop (31g)
Amazing Grass® Kidz Superfood Protein + Probiotics - Strawberry Blast,29.99,0.0,0,https://www.gnc.com/probiotics-for-kids/444754.html,15.0,10.0,70.0,1 scoop
Codeage Beef Isolate Protein - Unflavored,59.99,5.0,26,https://www.gnc.com/protein-powder/585163.html,30.0,24.0,90.0,25 grams
Green Regimen Plant Based Elite Protein - Chocolate,59.99,5.0,6,https://www.gnc.com/plant-based-protein/612401.html,20.0,25.0,160.0,1 scoop (41.5g)
NutraBio® Whey Protein Isolate - Dutch Chocolate,59.99,4.5,80,https://www.gnc.com/whey-protein/527155.html,30.0,25.0,120.0,1 Scoop(s)
Raw Nutrition Isolate Protein - Cookies and Cream,54.99,4.5,6,https://www.gnc.com/whey-protein/604731.html,25.0,26.0,130.0,1 scoop
G6 Sports Prolific Iso-Clear Whey Protein - Pineapple Coconut,89.99,2.5,3,https://www.gnc.com/whey-protein/247400.html,30.0,23.0,100.0,1 Scoops
NutraBio® Whey Protein Isolate - Chocolate Dipped Macaroon,59.99,4.5,80,https://www.gnc.com/whey-protein/527178.html,27.0,25.0,130.0,1 scoop
Hi-Tech Pharm Precision Protein - Chocolate Peanut Butter Cup,109.99,5.0,10,https://www.gnc.com/whey-protein/112688.html,70.0,25.0,136.0,1 Rounded Scoop
Portions Master® Vegan Protein Blend - Vanilla,34.99,5.0,3,https://www.gnc.com/vegan-protein/560477.html,15.0,17.0,90.0,25 g (one scoop)
NDS Nutrition™ Tripact Vegan Protein - Peanut Butter & Vanilla,54.99,5.0,1,https://www.gnc.com/plant-based-protein/384629.html,20.0,23.0,130.0,1 Scoop ( 33g )
MuscleSport Lean Whey Iso-Hydro Protein - Cookies & Cream,69.99,4.0,8,https://www.gnc.com/whey-protein/607504.html,26.0,25.0,120.0,1 Scoop
SirenLabs® Isolate Protein - Decadent Chocolate,69.99,5.0,5,https://www.gnc.com/whey-protein/966850.html,30.0,20.0,100.0,1 Scoop(s)
Hi-Tech Pharm Precision Protein - Chocolate Peanut Butter Cup,59.99,5.0,10,https://www.gnc.com/whey-protein/112674.html,28.0,25.0,135.0,1 Rounded Scoop
MuscleTech™ Nitro-Tech™ 100% Whey Gold - Strawberry Shortcake,39.99,5.0,2,https://www.gnc.com/whey-protein/403803.html,28.0,24.0,120.0,1 Scoop ( 33g ) ONLY
Portions Master® Vegan Protein Blend - Chocolate,49.99,5.0,3,https://www.gnc.com/vegan-protein/560479.html,30.0,16.0,90.0,25 g (one scoop)
SDC Nutrition PROLIFIC™ ISOLATE - Raspberry Gelato,109.99,5.0,6,https://www.gnc.com/whey-protein/520819.html,40.0,25.0,100.0,1 Scoop(s)
SirenLabs® ULTRA KARBS™ - Natural,49.99,5.0,7,https://www.gnc.com/mass-gainers/502700.html,40.0,0.0,100.0,1 Scoop(s)
Portions Master® Vegan Plant Protein - Unflavored,49.99,5.0,1,https://www.gnc.com/plant-based-protein/560472.html,30.0,20.0,100.0,25 g (one scoop)
NutraBio® Classic Whey - Creamy Vanilla,44.99,4.0,21,https://www.gnc.com/whey-protein/216301.html,27.0,25.0,130.0,1 scoop
Portions Master® Protein Whey Isolate - Vanilla Ice Cream,59.99,5.0,3,https://www.gnc.com/whey-protein/560441.html,32.0,25.0,100.0,1 Scoop
NDS Nutrition™ Tripact Vegan Protein - Chocolate Peanut Butter,54.99,5.0,1,https://www.gnc.com/plant-based-protein/384628.html,20.0,23.0,130.0,1 scoop
Portions Master® Vegan Plant Protein - Vanilla,34.99,5.0,1,https://www.gnc.com/plant-based-protein/560475.html,15.0,20.0,100.0,25 g (one scoop)
Myprotein Origin Whey Protein - Chocolate Glazed Donut,34.99,5.0,2,https://www.gnc.com/whey-protein/607312.html,15.0,30.0,170.0,2 Scoops (49g)
NDS Nutrition™ Tripact Protein - Vanilla Latte & Cinnamon,49.99,4.5,5,https://www.gnc.com/whey-protein/384627.html,20.0,25.0,140.0,1 Scoop
MuscleSport Lean Whey Iso-Hydro Protein - Cinna Crunch,69.99,4.0,8,https://www.gnc.com/whey-protein/607507.html,26.0,25.0,130.0,1 Scoop
Portions Master® Vegan Plant Protein - Unflavored,34.99,5.0,1,https://www.gnc.com/plant-based-protein/560471.html,15.0,20.0,100.0,25 g (one scoop)
Portions Master® Vegan Protein Blend - Unflavored,34.99,5.0,3,https://www.gnc.com/vegan-protein/560480.html,15.0,19.0,100.0,25 g (one scoop)
Optimum Nutrition Serious Mass™ - Banana,54.99,4.0,8,https://www.gnc.com/mass-gainers/350273.html,8.0,50.0,1250.0,2 Heaping Scoop(s)
Portions Master® Vegan Plant Protein - Chocolate,34.99,5.0,1,https://www.gnc.com/plant-based-protein/560473.html,15.0,18.0,100.0,25 g (one scoop)
AboutTime® Whey Protein Isolate - Unflavored,79.99,4.5,34,https://www.gnc.com/whey-protein/449524.html,32.0,25.0,100.0,1 Scoop(s)
Amazing Grass® Kidz Superfood Protein + Probiotics - Extreme Chocolate,29.99,0.0,0,https://www.gnc.com/probiotics-for-kids/444753.html,15.0,10.0,70.0,1 scoop
G6 Sports Prolific Iso-Clear Whey Protein - Rainbow Punch,89.99,2.5,3,https://www.gnc.com/whey-protein/247401.html,30.0,23.0,100.0,1 Scoop(s)
NDS Nutrition™ Tripact Protein - Superberry,79.99,4.5,5,https://www.gnc.com/whey-protein/384625.html,40.0,25.0,140.0,1 Scoop
Prolab® Whey Isolate - Milk Chocolate,99.99,0.0,0,https://www.gnc.com/whey-protein/560435.html,75.0,23.0,110.0,1 Scoop
Prolab® Whey Isolate - Vanilla Ice Cream,99.99,0.0,0,https://www.gnc.com/whey-protein/560436.html,75.0,23.0,110.0,1 Scoop
Prolab® Advanced Essential Whey - Vanilla Donut,79.99,4.0,1,https://www.gnc.com/whey-protein/560434.html,76.0,21.0,120.0,1 Scoop
Portions Master® Protein Whey Isolate - Chocolate Brownie,59.99,5.0,3,https://www.gnc.com/whey-protein/560440.html,32.0,24.0,100.0,1 Scoop
Portions Master® Protein Whey Isolate - Strawberries & Cream,59.99,5.0,3,https://www.gnc.com/whey-protein/560492.html,32.0,24.0,100.0,1 Scoop
MRI® Performance Ultra Whey Protein - Marshmallow Crunch,44.99,5.0,1,https://www.gnc.com/whey-protein/560458.html,26.0,25.0,130.0,1 Rounded Scoop (34.5g)
Project 1 Whey Protein - Cookies and Cream,49.99,5.0,4,https://www.gnc.com/whey-protein/604529.html,26.0,25.0,140.0,1 Scoop
Portions Master® Vegan Keto Body - Chocolate,49.99,0.0,0,https://www.gnc.com/plant-based-protein/560488.html,15.0,14.0,280.0,2 Scoops
Portions Master® Vegan Keto Body - Vanilla Cream,49.99,0.0,0,https://www.gnc.com/plant-based-protein/560489.html,15.0,14.0,280.0,2 Scoops
Portions Master® Vegan Protein Blend - Berry,49.99,5.0,3,https://www.gnc.com/vegan-protein/560483.html,30.0,16.0,90.0,25 g (one scoop)
Portions Master® Vegan Protein Blend - Vanilla,49.99,5.0,3,https://www.gnc.com/vegan-protein/560478.html,30.0,17.0,90.0,25 g (one scoop)
Portions Master® Vegan Protein Blend - Unflavored,49.99,5.0,3,https://www.gnc.com/vegan-protein/560481.html,30.0,19.0,100.0,25 g (one scoop)
Portions Master® Vegan Protein Blend - Berry,34.99,5.0,3,https://www.gnc.com/vegan-protein/560482.html,15.0,16.0,90.0,25 g (one scoop)
Gym Molly® Power Protein 100% Whey - Chocolate Ice Cream,54.99,0.0,0,https://www.gnc.com/whey-protein/607021.html,26.0,25.0,130.0,1 scoop
Gym Molly® Power Protein 100% Whey - Cookies & Creme,54.99,0.0,0,https://www.gnc.com/whey-protein/607020.html,26.0,25.0,130.0,1 scoop
Gym Molly® Power Protein 100% Whey - Cinnamon Toast,54.99,0.0,0,https://www.gnc.com/whey-protein/607019.html,26.0,25.0,130.0,1 scoop
Dymatize® ISO 100® Whey Protein Isolate - Fruity Pebbles™,109.99,4.5,305,https://www.gnc.com/whey-protein/364707.html,76.0,25.0,110.0,1 scoop
Beyond Raw® Dynamic Gainer High-Tech Mass Gainer: Chocolate Éclair,74.99,4.5,46,https://www.gnc.com/mass-gainers/576639.html,15.0,50.0,810.0,4 scoops
Beyond Raw® Dynamic Gainer High-Tech Mass Gainer: Vanilla Cheesecake,74.99,4.5,46,https://www.gnc.com/mass-gainers/576641.html,15.0,50.0,810.0,4 scoops
Beyond Raw® Dynamic Gainer High-Tech Mass Gainer: Strawberry Shortcake,74.99,4.5,46,https://www.gnc.com/mass-gainers/576640.html,15.0,50.0,810.0,4 scoops
CTRL® Meal Replacement Shake - Fruity Flakes,39.99,5.0,496,https://www.gnc.com/protein-shakes/621006.html,15.0,23.0,230.0,2 Scoops
Dymatize® Super Mass Gainer - Rich Chocolate,54.99,4.5,56,https://www.gnc.com/mass-gainers/364891.html,8.0,52.0,1280.0,2.5 cups (5 scoops)
CTRL® Meal Replacement Shake - Cinnamon Toast,39.99,5.0,496,https://www.gnc.com/protein-shakes/621005.html,15.0,23.0,230.0,2 Scoops
Dymatize® Super Mass Gainer - Fruity Pebbles,54.99,4.5,56,https://www.gnc.com/mass-gainers/364763.html,8.0,52.0,1290.0,2.5 cups (5 scoops)
Dymatize® Super Mass Gainer™ - Gourmet Vanilla,54.99,4.5,56,https://www.gnc.com/mass-gainers/364892.html,8.0,52.0,1280.0,2.5 cups (5 scoops)
AboutTime® Vegan Protein - Natural Chocolate,79.99,4.5,49,https://www.gnc.com/vegan-protein/449552.html,32.0,21.0,120.0,1 Scoop(s) (28.4 g)
GR8 Lifestyle Ultim8 Protein + Colostrum Complex - Chocolate Truffle,59.99,5.0,2,https://www.gnc.com/whey-protein/614018.html,28.0,25.0,140.0,1 Scoop (42g)
AboutTime® Vegan Protein - Natural Vanilla,79.99,4.5,49,https://www.gnc.com/vegan-protein/449553.html,32.0,21.0,120.0,1 Scoop(s) (28.4 g)
GR8 Lifestyle Ultim8 Protein + Colostrum Complex - Vanilla Creme,59.99,5.0,2,https://www.gnc.com/whey-protein/614019.html,28.0,25.0,130.0,1 Scoop (41g)
Hi-Tech Pharm Precision Protein - French Vanilla Ice Cream,59.99,5.0,10,https://www.gnc.com/whey-protein/112678.html,28.0,25.0,130.0,1 scoop (32 g)
Hi-Tech Pharm Precision Protein - S'Mores,59.99,5.0,10,https://www.gnc.com/whey-protein/112682.html,28.0,25.0,130.0,1 Rounded Scoop
SirenLabs® Isolate Protein - Vanilla Ice Cream,69.99,5.0,5,https://www.gnc.com/whey-protein/966851.html,30.0,20.0,100.0,1 Scoop(s)
6AM RUN Track Fuel - Cookies and Cream,49.99,5.0,2,https://www.gnc.com/whey-protein/593409.html,28.0,24.0,130.0,1 Scoop(s)
6AM RUN Track Fuel - Vanilla,49.99,5.0,2,https://www.gnc.com/whey-protein/593410.html,28.0,25.0,130.0,1 Scoop(s)
6AM RUN Track Fuel - Chocolate Ice Cream,49.99,5.0,2,https://www.gnc.com/whey-protein/593411.html,28.0,24.0,120.0,1 Scoop(s)
RYSE Loaded Protein - Little Debbie Pumpkin Spice Rolls,49.99,4.5,136,https://www.gnc.com/whey-protein/556596.html,27.0,25.0,140.0,1 Scoop (37g)
RYSE Loaded Protein - Mint Chip Ice Cream,49.99,4.5,136,https://www.gnc.com/whey-protein/556594.html,27.0,25.0,140.0,1 Scoop (37g)
Isopure® Clear Protein Powder - Watermelon Lime,29.99,4.5,110,https://www.gnc.com/whey-protein/135726.html,16.0,20.0,90.0,1 scoop
Raw Nutrition Vegan Protein - Peanut Butter,54.99,0.0,0,https://www.gnc.com/vegan-protein/604762.html,25.0,20.0,110.0,1 Scoop (37 grams)
PEScience Select Protein - Gourmet Vanilla,44.99,5.0,4,https://www.gnc.com/protein-powder/503211.html,27.0,24.0,120.0,1 Scoop (31g)
Optimum Nutrition Gold Standard 100% Casein - Chocolate Peanut Butter,56.99,4.5,94,https://www.gnc.com/casein-protein/352163.html,25.0,24.0,120.0,1 scoop
GNC Total Lean® Lean Shake™ 25 - Rich Chocolate,19.99,4.5,1953,https://www.gnc.com/meal-replacement/267978.html,12.0,25.0,180.0,1 Heaping Scoop
GNC Total Lean® Lean Shake 25™ - French Vanilla,19.99,4.5,1953,https://www.gnc.com/meal-replacement/267979.html,12.0,25.0,180.0,1 Scoop
Keto Zone MCT Oil Powder - Eggnog - 11.64 oz.,39.99,4.0,1,https://www.gnc.com/powders/570332.html,30.0,0.0,70.0,1 Scoop
Mutant IsoSurge Whey Protein Isolate - Peanut Butter Chocolate,39.99,5.0,18,https://www.gnc.com/whey-protein/433536.html,23.0,25.0,120.0,1 scoop
PEScience Select Protein - Frosted Sugar Cookie,44.99,5.0,4,https://www.gnc.com/protein-powder/503210.html,27.0,24.0,120.0,1 Scoop (32.5g)
GNC AMP Wheybolic™ - Natural Vanilla,69.99,4.0,1189,https://www.gnc.com/whey-protein/012358.html,25.0,40.0,220.0,2 Scoop(s)
GNC AMP Wheybolic™ - Creamy Peanut Butter,69.99,4.0,1189,https://www.gnc.com/whey-protein/012349.html,25.0,40.0,190.0,2 Scoop(s)
Dymatize® ISO 100® Whey Protein Isolate - Fudge Brownie,109.99,4.5,305,https://www.gnc.com/whey-protein/370013.html,71.0,25.0,110.0,1 Scoop(s)
Isopure® Protein Powder - Unflavored,79.99,4.5,451,https://www.gnc.com/whey-protein/916091.html,47.0,25.0,100.0,1 Heaping Scoop(s)
GNC Pro Performance® Bulk 1340 - Strawberries and Cream,51.99,4.5,837,https://www.gnc.com/mass-gainers/414780.html,9.0,50.0,1340.0,6 scoops (366 g)
Axe & Sledge Supplements™ Whey More - Christmas Cookie,54.99,5.0,123,https://www.gnc.com/whey-protein/581726.html,30.0,24.0,130.0,1 scoop (35 g)
GNC AMP Wheybolic™ - Salted Caramel Apple,69.99,4.0,1189,https://www.gnc.com/whey-protein/576645.html,25.0,40.0,200.0,2 Scoops (53g)
GHOST® High Protein Hot Cocoa Mix - White Chocolate Peppermint Bark,29.99,4.5,119,https://www.gnc.com/whey-protein/528147.html,15.0,20.0,120.0,1 Rounded Scoop
GNC Total Lean® Lean Shake 25™ - Chocolate Peanut Butter,44.99,4.5,1953,https://www.gnc.com/meal-replacement/370118.html,16.0,25.0,180.0,1 Scoop(s)
GNC AMP Sustained Protein Blend - Peanut Butter Puffs,49.99,4.5,839,https://www.gnc.com/whey-protein/414775.html,28.0,25.0,120.0,1 Scoop
Isopure® Protein Powder - Dutch Chocolate,104.99,4.5,366,https://www.gnc.com/whey-protein/916141.html,62.0,25.0,110.0,1 Scoop(s)
GNC AMP Wheybolic™ - Chocolate Mint,69.99,4.0,1189,https://www.gnc.com/whey-protein/370164.html,25.0,20.0,100.0,1 scoop
GNC Pro Performance® 100% Whey 2.0 - Chocolate Supreme,44.99,4.0,54,https://www.gnc.com/whey-protein/379965.html,25.0,25.0,120.0,One Scoop (33g)
Optimum Nutrition Gold Standard 100% Whey™ - Chocolate Peanut Butter,84.99,4.5,2104,https://www.gnc.com/whey-protein/350288.html,68.0,24.0,130.0,1 Scoop(s)
GNC AMP MASS XXX™ with MyoTor® - Chocolate,84.99,4.5,172,https://www.gnc.com/mass-gainers/123404.html,13.0,50.0,780.0,4 Scoop(s)
GNC Pro Performance® Bulk 1340 - Double Chocolate,51.99,4.5,837,https://www.gnc.com/mass-gainers/414778.html,9.0,50.0,1340.0,6 scoops (360 g)
GNC AMP Wheybolic™ Alpha with MyoTor® - Strawberries and Cream,74.99,4.0,76,https://www.gnc.com/whey-protein/450057.html,22.0,40.0,210.0,2 Scoop(s)
GNC Total Lean® Lean Shake™ 25 - Coconut Caramel,44.99,4.5,1953,https://www.gnc.com/meal-replacement/414860.html,16.0,25.0,190.0,One Heaping Scoop (53g)
Optimum Nutrition Serious Mass - Chocolate,84.99,4.5,437,https://www.gnc.com/mass-gainers/350367.html,16.0,50.0,1250.0,2 Heaping Scoop(s)
GHOST® Vegan Protein - Chocolate Cereal Milk®,49.99,4.0,448,https://www.gnc.com/vegan-protein/527959.html,28.0,20.0,120.0,1 Rounded Scoop(s)
GNC AMP Wheybolic® Alpha - Classic Vanilla,74.99,4.0,76,https://www.gnc.com/whey-protein/034574.html,22.0,40.0,210.0,2 Scoop(s)
Optimum Nutrition Gold Standard 100% Whey™ - French Vanilla Creme,84.99,4.5,2104,https://www.gnc.com/whey-protein/350260.html,73.0,24.0,110.0,1 Rounded Scoop(s)
GNC Pro Performance® Bulk 1340 - Cookies and Cream,51.99,4.5,837,https://www.gnc.com/mass-gainers/414781.html,9.0,50.0,1340.0,6 Scoop (360g)
Optimum Nutrition Gold Standard® 100% Whey - Cookies and Cream,84.99,4.5,2104,https://www.gnc.com/whey-protein/350254.html,68.0,24.0,120.0,1 Scoop
GNC Total Lean® Lean Shake™ + Slimvance® Stim - Strawberry Banana,61.99,4.5,215,https://www.gnc.com/protein-shakes/369684.html,20.0,25.0,190.0,1 Scoop
RYSE Loaded Protein - Cinnamon Toast,49.99,4.5,136,https://www.gnc.com/whey-protein/556500.html,27.0,25.0,130.0,1 Scoop(s)
GNC Total Lean® Lean Shake™ 25 - Banana,44.99,4.5,1953,https://www.gnc.com/meal-replacement/370117.html,16.0,25.0,180.0,1 Heaping Scoop
GNC Total Lean® Lean Shake™ 25 - Cookies and Cream,44.99,4.5,1953,https://www.gnc.com/meal-replacement/370116.html,16.0,25.0,180.0,1 Heaping Scoop
Isopure® Protein Powder - Creamy Vanilla,104.99,4.5,451,https://www.gnc.com/whey-protein/916142.html,66.0,50.0,210.0,2 Scoop(s)
GHOST® Vegan Protein - Peanut Butter Cereal Milk®,49.99,4.0,448,https://www.gnc.com/vegan-protein/527937.html,28.0,21.0,120.0,1 Rounded Scoop(s)
GNC AMP Mass XXX™ with MyoTor® - Vanilla,84.99,4.5,172,https://www.gnc.com/mass-gainers/123405.html,13.0,50.0,800.0,4 Scoop(s)
RYSE Loaded Protein - Jet-Puffed Peppermint,49.99,4.5,136,https://www.gnc.com/whey-protein/556595.html,27.0,25.0,140.0,1 Scoop (35g)
Optimum Nutrition Gold Standard 100% Whey™ - Extreme Milk Chocolate,84.99,4.5,2104,https://www.gnc.com/whey-protein/350258.html,71.0,24.0,120.0,1 Rounded Scoop(s)
GHOST® Vegan Protein - Cinnabon®,49.99,4.0,448,https://www.gnc.com/vegan-protein/528049.html,28.0,20.0,110.0,1 Servings
GNC Pro Performance® Bulk 1340 - Vanilla Ice Cream,51.99,4.5,838,https://www.gnc.com/mass-gainers/414779.html,9.0,50.0,1340.0,6 scoops (366 g)
GNC AMP Wheybolic® Alpha with MyoTOR®- Cookies And Cream,74.99,4.0,76,https://www.gnc.com/whey-protein/450056.html,22.0,40.0,210.0,2 Scoop
GNC Total Lean® Lean Shake™ + Slimvance® Stim - Mocha Espresso,61.99,4.5,215,https://www.gnc.com/protein-shakes/369681.html,20.0,25.0,190.0,1 Scoop
GNC Total Lean® Lean Shake™ 25 - Chocolate Mint,39.99,4.5,1953,https://www.gnc.com/meal-replacement/414862.html,16.0,25.0,190.0,One Heaping Scoop (53g)
Optimum Nutrition Gold Standard 100% Whey™ - Chocolate Malt,84.99,4.5,2104,https://www.gnc.com/whey-protein/350210.html,73.0,24.0,120.0,1 Rounded Scoop(s)
RYSE Loaded Protein - Little Debbie Strawberry Shortcake Rolls,49.99,4.5,136,https://www.gnc.com/whey-protein/556537.html,27.0,25.0,130.0,1 scoop
GNC AMP Sustained Protein Blend - Strawberry Milkshake,49.99,4.5,839,https://www.gnc.com/whey-protein/414794.html,28.0,25.0,130.0,1 Scoop(s)
RYSE Loaded Protein - Chocolate Cookie Blast,49.99,4.5,136,https://www.gnc.com/whey-protein/556510.html,27.0,25.0,150.0,1 Scoop
Optimum Nutrition Serious Mass - Vanilla,84.99,4.5,437,https://www.gnc.com/mass-gainers/350134.html,16.0,50.0,1250.0,334 g
Dymatize® ISO100® Hydrolyzed Protein Powder - Birthday Cake,109.99,4.5,305,https://www.gnc.com/whey-protein/370010.html,76.0,25.0,110.0,1 Scoop
RYSE Loaded Protein - Little Debbie Cosmic Brownie,49.99,4.5,136,https://www.gnc.com/whey-protein/556536.html,27.0,25.0,150.0,1 Scoop
GNC AMP Wheybolic™ Ripped - Cookies and Cream,74.99,4.5,447,https://www.gnc.com/whey-protein/023459.html,22.0,40.0,190.0,1 Scoop(s)
Axe & Sledge Supplements™ Farm Fed Protein - Peanut Butter N'Honey,56.99,4.5,107,https://www.gnc.com/whey-protein/581675.html,28.0,25.0,120.0,1 scoop
Raw Nutrition Itholate Protein - Lemon Cake,54.99,4.5,35,https://www.gnc.com/whey-protein/604842.html,25.0,25.0,110.0,1 Scoop (31g)
GHOST® Clear Whey Protein Isolate - Orange Cream,44.99,4.5,23,https://www.gnc.com/clear-protein/528124.html,20.0,25.0,100.0,1 Rounded Scoop (32 grams)
REDCON1 MRE LITE® - Fudge Brownie,44.99,5.0,6297,https://www.gnc.com/meal-replacement/548769.html,30.0,24.0,130.0,1 Scoop
GNC AMP MASS XXX™ with MyoTor® - Cookies and Cream,84.99,4.5,172,https://www.gnc.com/mass-gainers/123407.html,13.0,50.0,800.0,4 Scoop(s)
REDCON1 MRE LITE® - Vanilla Milkshake,44.99,5.0,6297,https://www.gnc.com/meal-replacement/548768.html,30.0,24.0,130.0,1 Scoop
GNC Pro Performance® Weight Gainer - Vanilla Ice Cream,34.99,4.0,268,https://www.gnc.com/mass-gainers/369936.html,6.0,50.0,700.0,4 Scoops (182g)
