Store,Product Name,Product Link,Price,Num Reviews,Avg Rating,Calories,Protein (g),Total Num Servings,Serving Size,Serving Size (g)
GNC,RYSE Loaded Protein - Jet-Puffed Marshmallow,https://www.gnc.com/whey-protein/556534.html,49.99,136,4.5,130.0,25.0,27.0,1 scoop,
GNC,Jym® Pro Jym Protein - Tahitian Vanilla Bean,https://www.gnc.com/whey-protein/533909.html,74.99,937,5.0,140.0,24.0,45.0,1 Scoop(s),
GNC,Axe & Sledge Supplements™ Farm Fed 100% Whey Protein Isolate - Squirrelly Nut Cookie Crunch,https://www.gnc.com/whey-protein/581725.html,56.99,107,4.5,130.0,25.0,28.0,1 scoop,35.0
GNC,Raw Nutrition Itholate Protein - Chocolate Peanut Butter,https://www.gnc.com/whey-protein/604706.html,54.99,35,4.5,150.0,28.0,25.0,1 Scoop,
GNC,RYSE Loaded Protein - Little Debbie Christmas Tree Cakes,https://www.gnc.com/whey-protein/556566.html,49.99,136,4.5,140.0,25.0,27.0,1 Scoop,
GNC,GNC AMP Wheybolic™ - Chocolate Fudge,https://www.gnc.com/whey-protein/012359.html,89.99,1189,4.0,200.0,40.0,33.0,2 Scoop(s),
GNC,GNC Pro Performance® 100% Whey 2.0 - Vanilla Cream,https://www.gnc.com/whey-protein/379969.html,79.99,54,4.0,120.0,25.0,64.0,One Scoop,30.77
GNC,GNC AMP Wheybolic™ - Classic Vanilla,https://www.gnc.com/whey-protein/012360.html,89.99,1189,4.0,190.0,40.0,33.0,2 Scoop(s),
GNC,Dymatize® ISO 100® Whey Protein Isolate - Gourmet Chocolate,https://www.gnc.com/whey-protein/360000.html,109.99,305,4.5,110.0,25.0,71.0,1 Scoop(s),
GNC,GNC Pro Performance® 100% Whey 2.0 - Chocolate Supreme,https://www.gnc.com/whey-protein/379966.html,79.99,54,4.0,120.0,25.0,64.0,One Scoop,33.0
GNC,Dymatize® ISO 100® Whey Protein Isolate - Gourmet Vanilla,https://www.gnc.com/whey-protein/360001.html,109.99,305,4.5,110.0,25.0,76.0,1 Scoop(s),
GNC,GHOST® WHEY - Chips Ahoy!®,https://www.gnc.com/whey-protein/527950.html,49.99,1786,4.5,160.0,25.0,26.0,1 Rounded Scoop,
GNC,GNC AMP Pure Isolate - Chocolate Frosting,https://www.gnc.com/whey-protein/414856.html,104.99,749,4.5,130.0,25.0,70.0,1 Scoop,
GNC,Optimum Nutrition Gold Standard 100% Whey™ - Double Rich Chocolate,https://www.gnc.com/whey-protein/350281.html,84.99,2104,4.5,120.0,24.0,74.0,1 Rounded Scoop(s),
GNC,GHOST® WHEY - OREO®,https://www.gnc.com/whey-protein/528005.html,49.99,1786,4.5,150.0,25.0,26.0,1 Rounded Scoop(s),
GNC,Dymatize® ISO100® Hydrolyzed Protein Powder - Cocoa Pebbles,https://www.gnc.com/whey-protein/364708.html,109.99,305,4.5,120.0,25.0,71.0,1 Scoop(s),
GNC,GHOST® WHEY - Nutter Butter®,https://www.gnc.com/whey-protein/527963.html,49.99,1786,4.5,160.0,26.0,26.0,1 Rounded Scoop(s),
GNC,GNC AMP Pure Isolate - Vanilla Custard,https://www.gnc.com/whey-protein/414857.html,104.99,749,4.5,120.0,25.0,70.0,1 Scoop,
GNC,GNC Total Lean® Lean Shake 25™ - Rich Chocolate,https://www.gnc.com/meal-replacement/370113.html,44.99,1953,4.5,180.0,25.0,16.0,1 Heaping Scoop(s),
GNC,GNC AMP Wheybolic™ Ripped - Chocolate Fudge,https://www.gnc.com/whey-protein/023456.html,74.99,447,4.5,200.0,40.0,22.0,1 Scoop(s),
GNC,GHOST® WHEY Protein - Cinnabon®,https://www.gnc.com/whey-protein/528048.html,49.99,1786,4.5,130.0,25.0,27.0,1 Servings,
GNC,Optimum Nutrition Gold Standard 100% Whey™ - Vanilla Ice Cream,https://www.gnc.com/whey-protein/350283.html,84.99,2104,4.5,120.0,24.0,73.0,1 Rounded Scoop(s),
GNC,GNC Pro Performance® 100% Whey 2.0 - Creamy Strawberry,https://www.gnc.com/whey-protein/379972.html,79.99,54,4.0,120.0,25.0,64.0,One Scoop,31.01
GNC,GNC AMP Wheybolic™ - Strawberries and Cream,https://www.gnc.com/whey-protein/012347.html,69.99,1189,4.0,200.0,40.0,25.0,2 Scoop(s),
GNC,GNC AMP Wheybolic™ Ripped - Classic Vanilla,https://www.gnc.com/whey-protein/023457.html,74.99,447,4.5,200.0,40.0,22.0,2 Scoop(s),
GNC,GNC AMP Wheybolic™ - Chocolate Fudge,https://www.gnc.com/whey-protein/012345.html,69.99,1189,4.0,200.0,40.0,25.0,2 Scoop(s),
GNC,GHOST® WHEY - Peanut Butter Cereal Milk,https://www.gnc.com/whey-protein/527922.html,49.99,1787,4.5,140.0,26.0,26.0,1 Rounded Scoop,
GNC,GHOST® WHEY - Count Chocula,https://www.gnc.com/whey-protein/528146.html,49.99,1787,4.5,140.0,25.0,26.0,1 Rounded Scoop (rams),37.0
GNC,GNC AMP Wheybolic™ Ripped - Strawberries and Cream,https://www.gnc.com/whey-protein/023458.html,74.99,447,4.5,200.0,40.0,22.0,2 Scoop(s),
GNC,GNC AMP Wheybolic™ - Banana Milkshake,https://www.gnc.com/whey-protein/012350.html,69.99,1189,4.0,190.0,40.0,25.0,2 Scoop(s),
GNC,Optimum Nutrition Gold Standard® 100% Isolate - Chocolate Bliss,https://www.gnc.com/whey-protein/352561.html,72.99,196,4.5,110.0,25.0,44.0,1 Scoop(s),
GNC,GNC AMP Wheybolic™ - Cookies and Cream,https://www.gnc.com/whey-protein/012348.html,69.99,1189,4.0,190.0,40.0,25.0,2 Scoop(s),
GNC,GNC AMP Wheybolic™ - Classic Vanilla,https://www.gnc.com/whey-protein/012346.html,69.99,1189,4.0,190.0,40.0,25.0,2 Scoop(s),
GNC,GNC Pro Performance® 100% Whey 2.0 - Cookies & Cream,https://www.gnc.com/whey-protein/379975.html,79.99,54,4.0,130.0,25.0,64.0,One Scoop,34.4
GNC,GHOST® WHEY - Coffee Ice Cream,https://www.gnc.com/whey-protein/527932.html,49.99,1787,4.5,120.0,25.0,28.0,1 Scoop(s),
GNC,GNC AMP Pure Isolate Whey Protein - Cookies & Cream,https://www.gnc.com/whey-protein/414859.html,104.99,749,4.5,130.0,25.0,70.0,1 Scoop(s),
GNC,GHOST® WHEY - Milk Chocolate,https://www.gnc.com/whey-protein/527910.html,49.99,1787,4.5,130.0,25.0,26.0,1 Rounded Scoop,
GNC,GNC AMP Wheybolic™ - Natural Chocolate,https://www.gnc.com/whey-protein/012357.html,69.99,1189,4.0,220.0,40.0,25.0,2 Scoop(s),
GNC,Dymatize® ISO•100® - Cookies and Cream,https://www.gnc.com/whey-protein/370012.html,109.99,305,4.5,110.0,25.0,76.0,1 Scoop(s),
GNC,GNC AMP Wheybolic™ Ripped - Chocolate Peanut Butter,https://www.gnc.com/whey-protein/023464.html,74.99,447,4.5,200.0,40.0,22.0,2 Servings,
GNC,GNC AMP Sustained Protein Blend - Cinnamon Toast,https://www.gnc.com/whey-protein/414773.html,49.99,839,4.5,130.0,25.0,28.0,1 Scoop,
GNC,GNC AMP Wheybolic® Alpha - Chocolate Fudge,https://www.gnc.com/whey-protein/034573.html,74.99,76,4.0,220.0,40.0,22.0,2 Scoops,60.1
GNC,GNC AMP Sustained Protein Blend - Chocolate Milkshake,https://www.gnc.com/whey-protein/414787.html,49.99,839,4.5,130.0,25.0,28.0,1 Scoop(s),
GNC,GNC Total Lean® Lean Shake 25™ - French Vanilla,https://www.gnc.com/meal-replacement/370114.html,44.99,1953,4.5,180.0,25.0,16.0,1 Heaping Scoop(s),
GNC,GNC AMP Pure Isolate Whey Protein - Strawberry,https://www.gnc.com/whey-protein/414858.html,104.99,749,4.5,120.0,25.0,70.0,1 Scoop,
GNC,GHOST® WHEY - Fruity Cereal Milk®,https://www.gnc.com/whey-protein/527938.html,49.99,1787,4.5,120.0,25.0,28.0,1 Rounded Scoop(s),
GNC,Optimum Nutrition Gold Standard® 100% Isolate - Rich Vanilla,https://www.gnc.com/whey-protein/352560.html,72.99,196,4.5,100.0,25.0,44.0,1 Scoop(s),
GNC,GNC Total Lean® Lean Shake 25™ - Mixed Berry,https://www.gnc.com/meal-replacement/370115.html,44.99,1953,4.5,180.0,25.0,16.0,1 Scoop(s),
GNC,GNC Pro Performance® 100% Whey 2.0 - Unflavored,https://www.gnc.com/whey-protein/379978.html,44.99,54,4.0,110.0,25.0,25.0,One Scoop,30.03
GNC,GNC AMP Sustained Protein Blend - Vanilla Milkshake,https://www.gnc.com/whey-protein/414788.html,49.99,839,4.5,130.0,25.0,28.0,1 Scoop(s),
GNC,GNC Pro Performance® 100% Whey 2.0 - Vanilla Cream,https://www.gnc.com/whey-protein/379968.html,44.99,54,4.0,120.0,25.0,25.0,One Scoop,30.77
GNC,GNC AMP Wheybolic™ - Fruity Crisps,https://www.gnc.com/whey-protein/012362.html,69.99,1189,4.0,100.0,20.0,25.0,2 Scoop(s),
GNC,GHOST® WHEY - Cereal Milk,https://www.gnc.com/whey-protein/527911.html,49.99,1787,4.5,130.0,25.0,28.0,1 Rounded Scoop,
GNC,RYSE Loaded Protein - Skippy Peanut Butter,https://www.gnc.com/whey-protein/556525.html,49.99,136,4.5,150.0,25.0,27.0,1 scoop,
GNC,GNC AMP Wheybolic™ - Coconut Caramel,https://www.gnc.com/testingeventsignupnew/370163.html,69.99,1189,4.0,100.0,20.0,25.0,1 scoop,
GNC,Axe & Sledge Supplements™ Farm Fed Protein - S'mores,https://www.gnc.com/whey-protein/581719.html,56.99,107,4.5,100.0,25.0,28.0,1 Scoop,32.76
GNC,GNC Pro Performance® 100% Whey 2.0 - Creamy Strawberry,https://www.gnc.com/whey-protein/379971.html,44.99,54,4.0,120.0,25.0,25.0,One Scoop,31.01
GNC,Axe & Sledge Supplements™ Farm Fed Protein - Vanilla Milkshake,https://www.gnc.com/whey-protein/581673.html,56.99,107,4.5,110.0,25.0,28.0,1 Scoop,31.0
GNC,Axe & Sledge Supplements™ Whey More - Grizzly Honey Graham,https://www.gnc.com/whey-protein/581668.html,54.99,123,5.0,120.0,24.0,30.0,1 scoop,
GNC,Axe & Sledge Supplements™ Farm Fed Protein - Strawberry Milkshake,https://www.gnc.com/whey-protein/581714.html,56.99,107,4.5,100.0,25.0,28.0,1 Scoop,28.8
GNC,Raw Nutrition Itholate Protein - Vanilla Oatmeal Cookie,https://www.gnc.com/whey-protein/604730.html,54.99,35,4.5,100.0,25.0,25.0,1 Scoop,
GNC,Axe & Sledge Supplements™ Farm Fed Protein - Marshmallow Milk,https://www.gnc.com/whey-protein/581677.html,56.99,107,4.5,100.0,25.0,28.0,1 scoop,
GNC,Optimum Nutrition Gold Standard 100% Whey™ - Strawberries and Cream,https://www.gnc.com/whey-protein/350328.html,84.99,2104,4.5,120.0,24.0,73.0,1 Scoop(s),
GNC,GNC AMP Pure Isolate Whey Protein - Chocolate Frosting,https://www.gnc.com/whey-protein/414850.html,69.99,749,4.5,130.0,25.0,28.0,1 Scoop,
GNC,Axe & Sledge Supplements™ Farm Fed Protein - Never Ending Chocolate,https://www.gnc.com/whey-protein/581678.html,56.99,107,4.5,110.0,25.0,28.0,1 scoop,
GNC,Axe & Sledge Supplements™ Whey More - Peanut Butter Pie,https://www.gnc.com/whey-protein/581697.html,54.99,123,5.0,130.0,24.0,30.0,1 Scoop(s),
GNC,Raw Nutrition Champion Mentality: Itholate Protein - Cookies and Cream,https://www.gnc.com/whey-protein/604854.html,54.99,35,4.5,130.0,25.0,25.0,1 Scoop,36.0
GNC,Raw Nutrition Itholate Protein - Cinnamon Crunch Cereal,https://www.gnc.com/whey-protein/604705.html,54.99,35,4.5,110.0,25.0,25.0,1 Scoop,
GNC,REDCON1 MRE LITE® - Banana Nut Bread,https://www.gnc.com/meal-replacement/548866.html,44.99,6297,5.0,130.0,24.0,30.0,1 Scoop(s),
GNC,GNC Pro Performance® 100% Casein - Vanilla Cream,https://www.gnc.com/casein-protein/739953.html,49.99,2,5.0,110.0,25.0,25.0,1 Scoop(s),
GNC,Isopure® Protein Powder - Cookies and Cream,https://www.gnc.com/whey-protein/916117.html,144.99,451,4.5,110.0,25.0,55.0,2 Scoop(s),
GNC,GNC Pro Performance® 100% Whey 2.0 - Cookies & Cream,https://www.gnc.com/whey-protein/379974.html,44.99,54,4.0,130.0,25.0,25.0,One Scoop,34.4
GNC,Optimum Nutrition Gold Standard 100% Casein™ - Creamy Vanilla,https://www.gnc.com/casein-protein/350158.html,53.99,94,4.5,120.0,24.0,26.0,1 Heaping Scoop(s),
GNC,REDCON1 MRE LITE® - Oatmeal Chocolate Chip,https://www.gnc.com/meal-replacement/548865.html,44.99,6297,5.0,120.0,24.0,30.0,1 Scoop(s),
GNC,Axe & Sledge Supplements™ Whey More - French Toast Sticks,https://www.gnc.com/whey-protein/581698.html,54.99,123,5.0,130.0,24.0,30.0,1 scoop,
GNC,Axe & Sledge Supplements™ Farm Fed Protein - Chocolate Milkshake,https://www.gnc.com/whey-protein/581672.html,56.99,107,4.5,110.0,25.0,28.0,1 scoop,
GNC,GNC AMP Plant Isolate Protein - Chocolate Hazelnut,https://www.gnc.com/plant-based-protein/414863.html,49.99,86,4.0,130.0,25.0,28.0,1 Scoop,
GNC,GNC AMP Plant Isolate Protein - Vanilla Cookie,https://www.gnc.com/plant-based-protein/414865.html,49.99,86,4.0,130.0,25.0,28.0,1 Scoop,31.9
GNC,Raw Nutrition Itholate Protein - Strawberry Bumcake,https://www.gnc.com/whey-protein/604729.html,54.99,35,4.5,100.0,25.0,25.0,1 Scoop,
GNC,Raw Nutrition Itholate Protein - Mint Chip Ice Cream,https://www.gnc.com/whey-protein/604728.html,54.99,35,4.5,150.0,25.0,25.0,1 Scoop,33.4
GNC,GNC Pro Performance® 100% Whey 2.0 - Banana Cream,https://www.gnc.com/whey-protein/379976.html,44.99,54,4.0,120.0,25.0,25.0,One Scoop,31.37
GNC,REDCON1 MRE LITE® - Hostess Cupcakes,https://www.gnc.com/meal-replacement/549042.html,44.99,6297,5.0,120.0,26.0,30.0,1 Scoop,33.3
GNC,REDCON1 MRE LITE - Blueberry Cobbler,https://www.gnc.com/meal-replacement/548716.html,44.99,6297,5.0,130.0,24.0,30.0,1 Scoop(s),
GNC,GNC AMP Sustained Protein Blend - Fruity Crisps,https://www.gnc.com/whey-protein/414774.html,49.99,839,4.5,130.0,25.0,28.0,1 Scoop,
GNC,GNC AMP Pure Isolate Protein - Chocolate Lava Cake,https://www.gnc.com/whey-protein/414855.html,69.99,749,4.5,125.0,25.0,28.0,1 Scoop(s),
GNC,GNC Total Lean® Lean Shake™ + Slimvance® Caffeine Free - Vanilla Caramel,https://www.gnc.com/meal-replacement/369683.html,59.99,132,4.0,190.0,25.0,20.0,1 Scoop,
GNC,GNC AMP MASS XXX™ with MyoTor® - Strawberry,https://www.gnc.com/mass-gainers/123406.html,84.99,172,4.5,800.0,50.0,13.0,4 Scoop(s),
GNC,REDCON1 MRE LITE® - Hostess Twinkies,https://www.gnc.com/meal-replacement/549041.html,44.99,6297,5.0,120.0,26.0,30.0,1 Scoop,32.4
GNC,GHOST® Vegan Protein - Pancake Batter,https://www.gnc.com/vegan-protein/527942.html,49.99,448,4.0,110.0,20.0,28.0,1 Rounded Scoop(s),
GNC,Cellucor® C4 Whey Protein - Reese's Peanut Butter & Chocolate,https://www.gnc.com/whey-protein/448131.html,44.99,42,4.5,140.0,25.0,28.0,(Approx 1 Scoop),40.2
GNC,GNC AMP Wheybolic™ - Cookies and Cream,https://www.gnc.com/whey-protein/012356.html,29.99,1189,4.0,200.0,40.0,10.0,2 Scoop(s),
GNC,GNC Pro Performance® 100% Whey 2.0 - Chocolate Supreme,https://www.gnc.com/whey-protein/379964.html,24.99,54,4.0,120.0,25.0,12.0,One Scoop,33.0
GNC,GNC Total Lean® Lean Shake Classic - Vanilla Bean,https://www.gnc.com/meal-replacement/370112.html,29.99,126,4.5,160.0,9.0,16.0,1 Heaping Scoop,
GNC,GNC AMP Wheybolic™ - Classic Vanilla,https://www.gnc.com/whey-protein/012354.html,29.99,1189,4.0,190.0,40.0,10.0,2 Scoop(s),
GNC,Isopure® Protein Powder - Creamy Vanilla,https://www.gnc.com/whey-protein/913673.html,79.99,451,4.5,100.0,25.0,44.0,1 Scoop(s),
GNC,REDCON1 MRE LITE® - Peanut Butter Cookie,https://www.gnc.com/meal-replacement/548777.html,44.99,16,4.5,120.0,24.0,30.0,1 Scoop,
GNC,Dymatize® ISO100 Hydrolyzed - Fruity Pebbles,https://www.gnc.com/whey-protein/360012.html,49.99,305,4.5,110.0,25.0,20.0,1 Scoop(s),
GNC,GNC Total Lean® Lean Shake Classic - Swiss Chocolate,https://www.gnc.com/meal-replacement/370111.html,29.99,126,4.5,150.0,9.0,16.0,1 Heaping Scoop,
GNC,GNC AMP Pure Isolate Whey Protein - Cookies & Cream,https://www.gnc.com/whey-protein/414853.html,69.99,749,4.5,130.0,25.0,28.0,1 Scoop(s),
GNC,GNC AMP Wheybolic™ Ripped - Strawberries and Cream,https://www.gnc.com/whey-protein/023462.html,34.99,447,4.5,200.0,40.0,9.0,2 Scoop(s),
GNC,GNC Pro Performance® 100% Casein - Chocolate Supreme,https://www.gnc.com/casein-protein/739952.html,49.99,2,5.0,120.0,25.0,25.0,1 Scoop(s),
GNC,Myprotein Clear Whey Isolate - Blue Raspberry,https://www.gnc.com/clear-protein/607320.html,34.99,8,4.0,90.0,20.0,20.0,1 Scoop,25.0
GNC,Dymatize® ISO100 Hydrolyzed - Cocoa Pebbles,https://www.gnc.com/whey-protein/364755.html,84.99,305,4.5,120.0,25.0,43.0,1 Scoop(s),
GNC,Isopure® Protein Powder - Dutch Chocolate,https://www.gnc.com/whey-protein/913671.html,79.99,366,4.5,110.0,25.0,42.0,2 Scoop(s),
GNC,Myprotein Clear Whey Isolate - Tropical Dragon Fruit,https://www.gnc.com/clear-protein/607318.html,34.99,8,4.0,90.0,20.0,20.0,1 Scoop,25.0
GNC,Myprotein Clear Whey Isolate - Lemonade,https://www.gnc.com/clear-protein/607317.html,34.99,8,4.0,80.0,20.0,20.0,1 Scoop,25.0
GNC,GNC AMP Wheybolic™ - Strawberries and Cream,https://www.gnc.com/whey-protein/012355.html,29.99,1189,4.0,200.0,40.0,10.0,2 Scoop(s),
GNC,Dymatize® ISO100 Hydrolyzed - Gourmet Vanilla,https://www.gnc.com/whey-protein/360015.html,49.99,305,4.5,110.0,25.0,20.0,1 Scoop(s),
GNC,Myprotein Clear Whey Isolate - Strawberry,https://www.gnc.com/clear-protein/607319.html,34.99,8,4.0,90.0,20.0,20.0,1 Scoop,25.0
GNC,Vega® Premium Plant Based Protein - Vanilla,https://www.gnc.com/plant-based-protein/490027.html,54.99,788,4.5,150.0,30.0,20.0,1 Scoop(s),
GNC,Raw Nutrition Itholate Protein - Frosted Frenchie,https://www.gnc.com/whey-protein/604780.html,54.99,35,4.5,130.0,25.0,25.0,1 Scoop,
GNC,Optimum Nutrition Gold Standard 100% Whey™ - Double Rich Chocolate,https://www.gnc.com/whey-protein/350280.html,44.99,2104,4.5,120.0,24.0,29.0,1 Rounded Scoop(s),
GNC,Optimum Nutrition Gold Standard 100% Whey™ - Vanilla Ice Cream,https://www.gnc.com/whey-protein/350282.html,44.99,2104,4.5,120.0,24.0,29.0,1 Scoop(s),
GNC,GNC AMP Pure Isolate Protein - Strawberry,https://www.gnc.com/whey-protein/414852.html,69.99,749,4.5,120.0,25.0,28.0,1 Scoop,
GNC,GNC AMP Wheybolic™ Ripped - Classic Vanilla,https://www.gnc.com/whey-protein/023461.html,34.99,447,4.5,200.0,40.0,9.0,2 Scoop(s),
GNC,Raw Nutrition Itholate Protein - Birthday Cake,https://www.gnc.com/whey-protein/604726.html,54.99,35,4.5,120.0,25.0,25.0,1 Scoop,
GNC,Optimum Nutrition Gold Standard 100% Whey™ - Chocolate Peanut Butter,https://www.gnc.com/whey-protein/350286.html,44.99,2104,4.5,130.0,24.0,27.0,1 Scoop(s),
GNC,GNC Pro Performance® Weight Gainer - Double Chocolate,https://www.gnc.com/mass-gainers/369935.html,34.99,268,4.0,700.0,50.0,6.0,4 Scoop(s),
GNC,Optimum Nutrition Gold Standard 100% Whey™ - French Vanilla Creme,https://www.gnc.com/whey-protein/350259.html,44.99,2104,4.5,130.0,24.0,29.0,1 Scoop(s),
GNC,Raw Nutrition Itholate Protein - Rainbow Sherbet,https://www.gnc.com/whey-protein/604830.html,54.99,35,4.5,110.0,25.0,25.0,1 Scoop,31.0
GNC,Optimum Nutrition Gold Standard 100% Whey - Delicious Strawberry,https://www.gnc.com/whey-protein/350285.html,84.99,2104,4.5,120.0,24.0,73.0,1 scoop,
GNC,GNC Pro Performance® 100% Whey 2.0 - Creamy Strawberry,https://www.gnc.com/whey-protein/379970.html,24.99,54,4.0,120.0,25.0,12.0,One Scoop,31.01
GNC,GNC Pro Performance® 100% Whey 2.0 - Vanilla Cream,https://www.gnc.com/whey-protein/379967.html,24.99,54,4.0,120.0,25.0,12.0,One Scoop,30.77
GNC,GHOST® Vegan Protein - Banana Pancake Batter,https://www.gnc.com/vegan-protein/527958.html,49.99,448,4.0,110.0,20.0,28.0,1 Rounded Scoop(s),
GNC,GNC AMP Wheybolic™ Alpha with MyoTor® - Chocolate Fudge,https://www.gnc.com/whey-protein/034575.html,34.99,76,4.0,110.0,20.0,9.0,1 Scoop(s),
GNC,Axe & Sledge Supplements™ Whey More - Brownie Batter,https://www.gnc.com/whey-protein/581669.html,54.99,123,5.0,130.0,24.0,30.0,1 Scoop(s),
GNC,GNC AMP Wheybolic™ - Chocolate Fudge,https://www.gnc.com/whey-protein/012353.html,29.99,1189,4.0,200.0,40.0,10.0,2 Scoop(s),
GNC,Optimum Nutrition Gold Standard 100% Whey™ - Extreme Milk Chocolate,https://www.gnc.com/whey-protein/350257.html,44.99,2104,4.5,130.0,24.0,28.0,1 Scoop(s),
GNC,BSN® SYNTHA-6 Premium Protein - Chocolate Milkshake,https://www.gnc.com/whey-protein/387322.html,52.99,271,4.5,200.0,22.0,28.0,1 Scoop(s),
GNC,GNC Total Lean® Lean Shake™ + Slimvance® Caffeine Free - Chocolate Peanut Butter,https://www.gnc.com/meal-replacement/369680.html,59.99,132,4.0,190.0,25.0,20.0,1 Scoop,
GNC,Dymatize® ISO100 Hydrolyzed - Cocoa Pebbles,https://www.gnc.com/whey-protein/360013.html,49.99,305,4.5,120.0,25.0,20.0,1 Scoop(s),
GNC,GNC AMP Pure Isolate Whey Protein - Vanilla Custard,https://www.gnc.com/whey-protein/414851.html,69.99,749,4.5,120.0,25.0,28.0,1 Scoop,
GNC,Isopure® Protein Powder - Cookies and Cream,https://www.gnc.com/whey-protein/916028.html,79.99,451,4.5,210.0,25.0,44.0,2 Scoop(s),
GNC,Dymatize® ISO100 Hydrolyzed - Gourmet Chocolate,https://www.gnc.com/whey-protein/360014.html,49.99,305,4.5,120.0,25.0,20.0,1 Scoop(s),
GNC,NutraBio® Whey Protein Isolate - Dutch Chocolate,https://www.gnc.com/whey-protein/216377.html,109.99,80,4.5,120.0,25.0,74.0,1 Scoop,30.41
GNC,Dymatize® ISO100 Hydrolyzed - Chocolate Peanut Butter,https://www.gnc.com/whey-protein/364760.html,49.99,305,4.5,120.0,25.0,20.0,1 Scoop(s),
GNC,Vega® Premium Plant Based Protein - Chocolate,https://www.gnc.com/plant-based-protein/490026.html,54.99,788,4.5,80.0,15.0,20.0,1/2 scoop,
GNC,Dymatize® ISO100 Hydrolyzed - Salted Caramel,https://www.gnc.com/whey-protein/365176.html,49.99,305,4.5,110.0,25.0,20.0,1 Scoop,30.0
GNC,Optimum Nutrition Gold Standard 100% Whey™ - Cookies N' Cream,https://www.gnc.com/whey-protein/350253.html,44.99,2104,4.5,130.0,24.0,27.0,1 Scoop(s),
GNC,Cellucor® C4 Whey Protein - Hershey's Milk Chocolate,https://www.gnc.com/whey-protein/448132.html,44.99,42,4.5,130.0,25.0,28.0,(Approx 1 Scoop),36.0
GNC,Alpha Lion Superhuman 100% Whey Protein Isolate - Cinnamon Swole Cereal,https://www.gnc.com/whey-protein/593743.html,59.99,1601,4.5,110.0,25.0,28.0,1 Scoop,
GNC,GNC Pro Performance® Weight Gainer - Strawberries and Cream,https://www.gnc.com/mass-gainers/369937.html,34.99,268,4.0,700.0,50.0,6.0,4 Scoop(s),
GNC,NutraBio® Whey Protein Isolate - Alpine Vanilla,https://www.gnc.com/whey-protein/216380.html,109.99,80,4.5,120.0,25.0,76.0,1 scoop,
GNC,Optimum Nutrition Gold Standard 100% Whey - Delicious Strawberry,https://www.gnc.com/whey-protein/350284.html,44.99,2104,4.5,120.0,24.0,29.0,1 scoop,
GNC,BSN® SYNTHA-6 Premium Protein - Vanilla Ice Cream,https://www.gnc.com/whey-protein/387438.html,79.99,271,4.5,200.0,22.0,48.0,1 Rounded Scoop(s),
GNC,Dymatize® ISO 100® Hydrolyzed Protein - Cinnamon Cereal,https://www.gnc.com/whey-protein/364764.html,49.99,305,4.5,110.0,25.0,20.0,1 scoop,
GNC,Hi-Tech Pharm Precision Protein - Cookies & Cream,https://www.gnc.com/whey-protein/112676.html,59.99,10,5.0,130.0,25.0,28.0,1 Rounded Scoop,
GNC,G6 Sports Prolific Isolate - Vanilla,https://www.gnc.com/whey-protein/449545.html,109.99,45,5.0,100.0,24.0,40.0,1 Scoop(s),
GNC,Dymatize® ISO100 Hydrolyzed Whey Protein - Gourmet Vanilla,https://www.gnc.com/whey-protein/364753.html,84.99,305,4.5,120.0,25.0,46.0,1 Scoop(s),
GNC,REDCON1 MRE Whole Food Protein - Cookies & Cream,https://www.gnc.com/meal-replacement/218688.html,79.99,1951,5.0,520.0,47.0,25.0,4 Scoop(s),
GNC,REDCON1 MRE Whole Food Protein - Peanut Butter Cookie,https://www.gnc.com/meal-replacement/548862.html,79.99,1951,5.0,530.0,47.0,25.0,4 Scoop(s),
GNC,101™ One of One Whey Protein - Classic Vanilla,https://www.gnc.com/whey-protein/616003.html,44.99,1,5.0,130.0,25.0,26.0,1 Scoop,34.0
GNC,NutraBio® Whey Protein Isolate - Ice Cream Cookie Dream,https://www.gnc.com/whey-protein/218003.html,59.99,80,4.5,120.0,25.0,29.0,1 scoop,
GNC,Isopure® Clear Protein Powder - Tropical Punch,https://www.gnc.com/whey-protein/916165.html,34.99,110,4.5,90.0,20.0,16.0,1 Scoop(s),
GNC,GNC Pro Performance® Bulk 1340 - Double Chocolate,https://www.gnc.com/mass-gainers/414803.html,81.99,837,4.5,1340.0,50.0,15.0,6 Scoop,360.0
GNC,GNC Pro Performance® Bulk 1340 - Vanilla Ice Cream,https://www.gnc.com/mass-gainers/414804.html,81.99,837,4.5,1340.0,50.0,15.0,6 Scoop,360.0
GNC,REDCON1 MRE Meal Replacement - Banana Nut Bread,https://www.gnc.com/meal-replacement/548869.html,79.99,1951,5.0,520.0,51.0,25.0,4 Scoop(s),
GNC,Hi-Tech Pharm Precision Protein - Honey Granola,https://www.gnc.com/whey-protein/112679.html,59.99,10,5.0,130.0,25.0,28.0,1 Rounded Scoop,
GNC,REDCON1 MRE® Meal Replacement - Vanilla Milkshake,https://www.gnc.com/meal-replacement/548779.html,79.99,1951,5.0,530.0,47.0,30.0,4 Scoop,
GNC,Isopure® Protein Powder - Strawberries and Cream,https://www.gnc.com/whey-protein/913672.html,79.99,451,4.5,100.0,25.0,44.0,1 Scoop(s),
GNC,Hi-Tech Pharm Precision Protein - Vanilla Ice Cream,https://www.gnc.com/whey-protein/112698.html,109.99,10,5.0,130.0,25.0,70.0,1 scoop,32.0
GNC,Dymatize® ISO100® - Cookies and Cream,https://www.gnc.com/whey-protein/364759.html,49.99,305,4.5,110.0,25.0,20.0,1 Scoop(s),
GNC,Huel® Black Edition: High-Protein Meal Powder - Vanilla,https://www.gnc.com/meal-replacement/638925.html,39.99,7,5.0,400.0,40.0,10.0,2 Scoops,90.0
GNC,GNC Wheybolic™ Ripped - Chocolate Fudge,https://www.gnc.com/whey-protein/023460.html,34.99,447,4.5,200.0,40.0,9.0,2 Scoop(s),
GNC,Huel® Black Edition: High-Protein Meal Powder - Chocolate,https://www.gnc.com/meal-replacement/638924.html,39.99,7,5.0,400.0,40.0,10.0,2 Scoops,90.0
GNC,Raw Nutrition Itholate Protein - Christopher's Secret Whey,https://www.gnc.com/whey-protein/604782.html,49.99,35,4.5,130.0,25.0,25.0,1 Scoop,33.7
GNC,PMD® Amplify XL® - Double Chocolate Explosion,https://www.gnc.com/mass-gainers/966845.html,109.99,55,4.5,140.0,25.0,48.0,1 Scoop(s),
GNC,Huel® Black Edition: High-Protein Meal Powder - Banana,https://www.gnc.com/meal-replacement/638926.html,39.99,7,5.0,400.0,40.0,10.0,2 Scoops,90.0
GNC,Hi-Tech Pharm Precision Protein - Vanilla Ice Cream,https://www.gnc.com/whey-protein/112684.html,59.99,10,5.0,130.0,25.0,28.0,1 Rounded Scoop,
GNC,Alpha Lion Superhuman 100% Whey Protein Isolate - Vanilla Ice Cream,https://www.gnc.com/whey-protein/593715.html,59.99,1601,4.5,110.0,25.0,28.0,1 Scoop(s),
GNC,G6 Sports Prolific Isolate - Chocolate,https://www.gnc.com/whey-protein/449544.html,109.99,45,5.0,100.0,24.0,40.0,1 Scoop(s),
GNC,Dymatize® ISO100 Hydrolyzed - Fruity Pebbles,https://www.gnc.com/whey-protein/364754.html,84.99,305,4.5,110.0,25.0,46.0,1 Scoop(s),
GNC,PMD® Amplify® XL - Cinnamon Toast,https://www.gnc.com/mass-gainers/966888.html,67.99,55,4.5,140.0,25.0,24.0,1 Scoop(s),
GNC,Hi-Tech Pharm Precision Protein - Strawberry Ice Cream,https://www.gnc.com/whey-protein/112683.html,59.99,10,5.0,130.0,25.0,28.0,1 Rounded Scoop,
GNC,REDCON1 MRE® Meal Replacement - Fudge Brownie,https://www.gnc.com/meal-replacement/548861.html,79.99,1951,5.0,530.0,52.0,30.0,4 Scoop(s),
GNC,Isopure® Protein Powder - Banana Cream,https://www.gnc.com/whey-protein/916079.html,79.99,451,4.5,100.0,25.0,44.0,1 Scoop(s),
GNC,PMD® Amplify XL® - Vanilla Flex,https://www.gnc.com/mass-gainers/966847.html,109.99,55,4.5,140.0,25.0,48.0,1 Scoop(s),
GNC,GNC AMP Wheybolic™ Alpha with MyoTor® - Classic Vanilla,https://www.gnc.com/whey-protein/034576.html,34.99,76,4.0,110.0,20.0,9.0,2 Scoops,
GNC,Cellucor® C4 Whey Protein - Vanilla Bean,https://www.gnc.com/whey-protein/448130.html,44.99,42,4.5,130.0,25.0,28.0,(Approx 1 Scoop),34.5
GNC,NutraBio® Whey Protein Isolate - Strawberry Ice Cream,https://www.gnc.com/whey-protein/216378.html,59.99,80,4.5,120.0,25.0,30.0,1 scoop,
GNC,Beyond Raw® Dynamic Whey High-Tech Protein - Vanilla Ice Cream,https://www.gnc.com/whey-protein/576638.html,39.99,25,4.5,130.0,25.0,25.0,1 Scoop,
GNC,Vega® Essential Protein - Creamy Chocolate,https://www.gnc.com/vegan-protein/490092.html,29.99,173,5.0,180.0,25.0,20.0,2 scoops,
GNC,Mutant IsoSurge Whey Protein Isolate - Vanilla Ice Cream,https://www.gnc.com/whey-protein/433533.html,39.99,18,5.0,110.0,25.0,23.0,1 scoop,
GNC,PEScience Select Protein - Chocolate Truffle,https://www.gnc.com/protein-powder/503209.html,44.99,4,5.0,125.0,23.0,27.0,1 Scoop,33.0
GNC,BSN® Syntha-6 Edge™ - Cookies and Cream,https://www.gnc.com/whey-protein/387659.html,49.99,92,5.0,150.0,24.0,28.0,1 Scoop(s),
GNC,Optimum Nutrition Gold Standard 100% Whey™ - Chocolate Hazelnut,https://www.gnc.com/whey-protein/350287.html,44.99,2104,4.5,130.0,24.0,27.0,1 Scoop(s),
GNC,NutraBio® Clear Whey Protein Isolate - Mango Mist,https://www.gnc.com/whey-protein/527170.html,44.99,3,4.5,80.0,20.0,20.0,1 Scoop,
GNC,Axe & Sledge Supplements™ Whey More - Banana Split Sundae,https://www.gnc.com/whey-protein/581717.html,54.99,123,5.0,130.0,24.0,30.0,Scoop,33.9
GNC,PMD® Amplify XL® - Strawberry Slam,https://www.gnc.com/mass-gainers/967037.html,67.99,55,4.5,140.0,25.0,24.0,1 Scoop(s),
GNC,BSN® SYNTHA-6 Premium Protein - Strawberry Milkshake,https://www.gnc.com/whey-protein/387439.html,79.99,271,4.5,190.0,22.0,48.0,1 Rounded Scoop(s),
GNC,GNC Pro Performance® 100% Whey 2.0 - Cookies & Cream,https://www.gnc.com/whey-protein/379973.html,24.99,54,4.0,130.0,25.0,12.0,One Scoop,34.4
GNC,GNC AMP Plant Isolate Protein - Strawberry Banana,https://www.gnc.com/plant-based-protein/414864.html,49.99,86,4.0,130.0,25.0,28.0,1 Scoop(s),
GNC,GNC AMP Pure Isolate Whey Protein - Chocolate Peanut Butter Cup,https://www.gnc.com/whey-protein/414854.html,69.99,749,4.5,120.0,25.0,28.0,1 Scoop,
GNC,Vega® Performance Plant-Based Protein – Berry,https://www.gnc.com/plant-based-protein/490029.html,54.99,788,4.5,80.0,15.0,19.0,1 scoop,42.0
GNC,Raw Nutrition Vegan Protein - Cookies & Cream,https://www.gnc.com/vegan-protein/604761.html,54.99,0,0.0,110.0,20.0,25.0,1 scoop,
GNC,NutraBio® Whey Protein Isolate - Raw Unflavored,https://www.gnc.com/whey-protein/218004.html,59.99,80,4.5,110.0,25.0,31.0,1 Scoop,
GNC,Dymatize® ISO100 Hydrolyzed Whey Protein - Gourmet Chocolate,https://www.gnc.com/whey-protein/364752.html,84.99,305,4.5,120.0,25.0,43.0,1 Scoop(s),
GNC,NDS Nutrition™ Amplify® Smoothie - Creamy Chocolate,https://www.gnc.com/whey-protein/967000.html,59.99,35,5.0,110.0,20.0,30.0,1 Scoop(s),
GNC,REDCON1 MRE LITE® x Deion Sanders - Strawberry Cheesecake,https://www.gnc.com/meal-replacement/549027.html,29.99,6297,5.0,130.0,24.0,20.0,1 scoop,
GNC,Raw Nutrition Vegan Protein - Chocolate,https://www.gnc.com/vegan-protein/604760.html,54.99,0,0.0,120.0,20.0,25.0,1 scoop,
GNC,101™ One of One Whey Protein - Milk Chocolate,https://www.gnc.com/whey-protein/616001.html,44.99,1,5.0,130.0,25.0,26.0,1 Scoop,34.5
GNC,Mutant IsoSurge Whey Protein Isolate - Triple Chocolate,https://www.gnc.com/whey-protein/433534.html,39.99,18,5.0,120.0,25.0,23.0,1 scoop,
GNC,GNC Pro Performance® 100% Whey 2.0 - Unflavored,https://www.gnc.com/whey-protein/379958.html,21.99,54,4.0,110.0,25.0,12.0,One Scoop,30.03
GNC,Blessed Plant Protein Powder - Cookies & Cream,https://www.gnc.com/plant-based-protein/559635.html,49.99,1772,5.0,140.0,24.0,30.0,1 Scoop,35.5
GNC,Dymatize® ISO100® Whey Protein Isolate - Dunkin'™ Cappuccino,https://www.gnc.com/whey-protein/370045.html,49.99,42,4.5,110.0,25.0,20.0,1 Scoop(s),
GNC,Optimum Nutrition Gold Standard 100% Whey™ - Chocolate Malt,https://www.gnc.com/whey-protein/350209.html,44.99,2104,4.5,120.0,24.0,29.0,1 Rounded Scoop(s),
GNC,Optimum Nutrition Gold Standard 100% Whey™ - Banana Cream,https://www.gnc.com/whey-protein/350255.html,44.99,2104,4.5,130.0,24.0,29.0,or 1 scoop,31.0
GNC,NDS Nutrition™ Amplify® Smoothie - Vanilla Crème,https://www.gnc.com/whey-protein/967001.html,59.99,35,5.0,110.0,20.0,30.0,1 Scoop(s),
GNC,PMD® Amplify XL® - Vanilla Flex,https://www.gnc.com/mass-gainers/966846.html,67.99,55,4.5,140.0,25.0,24.0,1 Scoop(s),
GNC,REDCON1 MRE LITE® x Deion Sanders - Red Velvet,https://www.gnc.com/meal-replacement/549028.html,29.99,6297,5.0,135.0,24.0,20.0,1 scoop,
GNC,Basic Supplements Whey Protein Blend - Vanilla,https://www.gnc.com/whey-protein/614002.html,39.99,1,5.0,130.0,25.0,27.0,1 scoop,
GNC,PEScience Select Protein - Cake Pop,https://www.gnc.com/protein-powder/503208.html,44.99,4,5.0,120.0,24.0,27.0,1 Scoop,32.5
GNC,Gorilla Mind® Gorilla Mode Premium Protein - Milk Chocolate,https://www.gnc.com/whey-protein/608604.html,49.99,1455,4.5,130.0,25.0,30.0,1 scoop,37.0
GNC,GNC Total Lean® Zero Sugar Protein - Rich Chocolate,https://www.gnc.com/protein-shakes/576625.html,34.99,27,5.0,90.0,20.0,20.0,1 Servings,
GNC,G6 Sports Super-Lean Meal Replacement - Vanilla,https://www.gnc.com/whey-protein/449538.html,89.99,13,5.0,303.0,31.0,16.0,2 Scoop(s),
GNC,GNC AMP Wheybolic™ Ripped - Cookies and Cream,https://www.gnc.com/whey-protein/023463.html,34.99,447,4.5,190.0,40.0,9.0,2 Rounded Scoop(s),
GNC,SDC Nutrition PROLIFIC™ ISOLATE - Chocolate Peanut Butter,https://www.gnc.com/whey-protein/520818.html,109.99,6,5.0,100.0,24.0,40.0,1 Scoop(s),
GNC,PMD® Amplify XL® - Mango Mania,https://www.gnc.com/mass-gainers/967010.html,67.99,55,4.5,140.0,25.0,24.0,1 Scoop(s),
GNC,PMD® Amplify® XL - Peanut Butter Cup,https://www.gnc.com/mass-gainers/966889.html,67.99,55,4.5,160.0,25.0,24.0,1 Scoop(s),
GNC,Vega® Essential Protein - Creamy Vanilla,https://www.gnc.com/vegan-protein/490093.html,29.99,173,5.0,180.0,25.0,20.0,2 scoops,
GNC,Raw Nutrition Vegan Protein - Vanilla,https://www.gnc.com/vegan-protein/604763.html,54.99,0,0.0,110.0,20.0,25.0,1 scoop,
GNC,Optimum Nutrition Gold Standard 100% Whey - Caramel Macchiato,https://www.gnc.com/whey-protein/352113.html,39.99,2104,4.5,120.0,24.0,29.0,(about 1 scoop),32.0
GNC,Alpha Lion Superhuman 100% Whey Protein Isolate - Peanut Butter Candy PB & Gains,https://www.gnc.com/whey-protein/593711.html,59.99,1601,4.5,150.0,28.0,28.0,1 Scoop(s),
GNC,Portions Master® Vegan Plant Protein - Chocolate,https://www.gnc.com/plant-based-protein/560474.html,49.99,1,5.0,100.0,18.0,30.0,(one scoop),25.0
GNC,Raw Nutrition Isolate Protein - Peanut Butter,https://www.gnc.com/whey-protein/604733.html,54.99,6,4.5,120.0,26.0,25.0,1 scoop,
GNC,Basic Supplements Whey Protein Blend - Blue Marshmallow,https://www.gnc.com/whey-protein/614000.html,39.99,1,5.0,130.0,25.0,27.0,1 scoop,
GNC,Alpha Lion Superhuman 100% Whey Protein Isolate - Orange Creamsicle Gainsicle,https://www.gnc.com/whey-protein/593713.html,59.99,1601,4.5,120.0,25.0,28.0,1 Scoop(s),
GNC,MuscleSport Lean Whey Iso-Hydro Protein - Chocolate Peanut Butter,https://www.gnc.com/whey-protein/607502.html,69.99,8,4.0,130.0,25.0,26.0,1 Scoop,
GNC,Dymatize® ISO 100® Whey Protein Isolate - Dunkin® Glazed Donut,https://www.gnc.com/whey-protein/364709.html,44.99,305,4.5,120.0,25.0,20.0,1 Scoop,
GNC,Beyond Raw® Dynamic Whey High-Tech Protein - Tiramisu,https://www.gnc.com/whey-protein/576635.html,39.99,25,4.5,130.0,25.0,25.0,1 Scoop,
GNC,Dymatize® ISO100® Whey Protein Isolate - Dunkin'™ Mocha Latte,https://www.gnc.com/whey-protein/370044.html,49.99,42,4.5,120.0,25.0,20.0,1 Scoop(s),
GNC,SNAP® Supplements Plant Based Vegan Protein Powder - Vanilla,https://www.gnc.com/vegan-protein/591336.html,39.99,85,4.5,101.0,21.0,30.0,1 Scoop(s),
GNC,Blessed Plant Protein Powder - Strawberry Mylk,https://www.gnc.com/plant-based-protein/559636.html,49.99,1772,5.0,130.0,23.0,30.0,1 Scoop,35.5
GNC,MuscleSport Lean Whey Iso-Hydro Protein - Vanilla Ice Cream,https://www.gnc.com/whey-protein/607500.html,69.99,8,4.0,120.0,25.0,26.0,1 Scoop,
GNC,Raw Nutrition Isolate Protein - Dark Chocolate,https://www.gnc.com/whey-protein/604732.html,54.99,6,4.5,130.0,26.0,25.0,1 scoop,
GNC,PEScience Select Protein - Chocolate Peanut Butter Cup,https://www.gnc.com/protein-powder/503212.html,44.99,4,5.0,120.0,23.0,27.0,1 Scoop,32.5
GNC,GNC Total Lean® Zero Sugar Protein - French Vanilla,https://www.gnc.com/protein-shakes/576626.html,34.99,27,5.0,90.0,20.0,20.0,1 Servings,
GNC,Dymatize® ISO 100® Hydrolyzed Protein Powder - Birthday Cake Pebbles™,https://www.gnc.com/whey-protein/364757.html,49.99,305,4.5,110.0,25.0,20.0,1 Scoop,
GNC,Isopure® Protein Powder - Toasted Coconut,https://www.gnc.com/whey-protein/916143.html,69.99,366,4.5,110.0,25.0,42.0,1 scoop,
GNC,Hi-Tech Pharm Precision Protein - Chocolate Fudge Brownie,https://www.gnc.com/whey-protein/112672.html,59.99,10,5.0,130.0,25.0,28.0,1 Rounded Scoop,
GNC,BSN® SYNTHA-6 Premium Protein - Strawberry Milkshake,https://www.gnc.com/whey-protein/387320.html,52.99,271,4.5,190.0,22.0,28.0,1 Rounded Scoop(s),
GNC,PMD® Amplify® XL - Toffee Macchiato,https://www.gnc.com/mass-gainers/966890.html,67.99,55,4.5,160.0,25.0,24.0,1 Servings,
GNC,NutraBio® Whey Protein Isolate - Blueberry Muffin,https://www.gnc.com/whey-protein/527176.html,59.99,80,4.5,120.0,25.0,30.0,1 scoop,
GNC,101™ One of One Whey Protein - Toasted Marshmallow,https://www.gnc.com/whey-protein/616002.html,44.99,1,5.0,130.0,25.0,27.0,1 Scoop,33.5
GNC,Raw Nutrition Isolate Protein - Vanilla,https://www.gnc.com/whey-protein/604734.html,54.99,6,4.5,100.0,25.0,25.0,1 scoop,
GNC,AboutTime® Whey Protein Isolate - Chocolate,https://www.gnc.com/whey-protein/449555.html,79.99,34,4.5,100.0,25.0,32.0,1 Scoop(s),
GNC,Wild Society Nutrition Clear Whey Isolate Protein with Electrolytes - Strawberry Coconut,https://www.gnc.com/clear-protein/614602.html,39.99,5,4.5,90.0,20.0,16.0,1 Scoop,27.0
GNC,PMD® Amplify XL® - Double Chocolate Explosion,https://www.gnc.com/mass-gainers/966844.html,67.99,55,4.5,140.0,25.0,24.0,1 Scoop(s),
GNC,SNAP® Supplements Plant Based Vegan Protein Powder - Chocolate,https://www.gnc.com/vegan-protein/591337.html,39.99,85,4.5,113.0,21.0,30.0,1 Scoop(s),
GNC,Beyond Raw® Dynamic Whey High-Tech Protein - Chocolate Lave Cake,https://www.gnc.com/whey-protein/576636.html,39.99,25,4.5,130.0,25.0,25.0,1 Scoop,
GNC,NDS Nutrition™ Tripact Protein - Vanilla Latte & Cinnamon,https://www.gnc.com/whey-protein/384624.html,79.99,5,4.5,140.0,25.0,40.0,1 Scoop,
GNC,Green Regimen Plant Based Elite Protein - Creamy Vanilla,https://www.gnc.com/plant-based-protein/612400.html,59.99,6,5.0,150.0,25.0,20.0,1 scoop,41.5
GNC,Wild Society Nutrition 100% Grass Fed Whey Protein Powder - Dutch Chocolate,https://www.gnc.com/whey-protein/614600.html,34.99,4,4.5,130.0,25.0,15.0,1 Scoop,34.0
GNC,Hi-Tech Pharm Precision Protein - Chocolate Ice Cream,https://www.gnc.com/whey-protein/112687.html,109.99,10,5.0,130.0,25.0,70.0,1 Rounded Scoop,
GNC,Raw Nutrition Isolate Protein - Peanut Butter Banana,https://www.gnc.com/whey-protein/604927.html,54.99,6,4.5,130.0,25.0,25.0,1 scoop,36.3
GNC,Isopure® Protein Powder - Dutch Chocolate,https://www.gnc.com/whey-protein/916097.html,29.99,366,4.5,110.0,50.0,14.0,2 Scoop(s),
GNC,NutraBio® Clear Whey Protein Isolate - Watermelon Breeze,https://www.gnc.com/whey-protein/527171.html,44.99,3,4.5,80.0,20.0,20.0,1 Scoops,
GNC,BSN® SYNTHA-6® - Cold Stone Creamery: Mint Mint Chocolate Chocolate Chip™,https://www.gnc.com/whey-protein/387707.html,52.99,49,4.0,200.0,22.0,25.0,1 Scoop(s),
GNC,Planta Plant Protein - Chocolate Caramel Candy Bar,https://www.gnc.com/plant-based-protein/608838.html,34.99,148,5.0,110.0,20.0,14.0,1 Scoop,32.0
GNC,Hi-Tech Pharm Precision Protein - Cinnamon Cereal Crunch,https://www.gnc.com/whey-protein/112675.html,59.99,10,5.0,130.0,25.0,28.0,1 Rounded Scoop,
GNC,Wild Society Nutrition 100% Grass Fed Whey Protein Powder - Vanilla Bean,https://www.gnc.com/whey-protein/614601.html,34.99,4,4.5,130.0,25.0,15.0,1 Scoop,33.0
GNC,Optimum Nutrition Gold Standard® 100% Isolate - Rich Vanilla,https://www.gnc.com/whey-protein/352556.html,54.99,196,4.5,100.0,25.0,24.0,1 Scoop(s),
GNC,Wild Society Nutrition Clear Whey Isolate Protein with Electrolytes - Watermelon Lime,https://www.gnc.com/clear-protein/614603.html,39.99,5,4.5,90.0,20.0,16.0,1 Scoop,27.0
GNC,SNAP® Supplements Plant Based Vegan Protein Powder - Banana,https://www.gnc.com/vegan-protein/591338.html,39.99,85,4.5,101.0,21.0,30.0,1 Scoop(s),
GNC,Cellucor® C4 Whey Protein - Vanilla Bean,https://www.gnc.com/whey-protein/448016.html,82.99,42,4.5,130.0,25.0,66.0,(Approx 1 Scoop),34.5
GNC,Basic Supplements Whey Protein Blend - Chocolate,https://www.gnc.com/whey-protein/614001.html,39.99,1,5.0,130.0,25.0,27.0,1 scoop,
GNC,Isopure® Protein Powder - Chocolate Peanut Butter,https://www.gnc.com/whey-protein/135725.html,69.99,366,4.5,110.0,25.0,40.0,1 scoop,
GNC,NutraBio® Whey Protein Isolate - Vanilla Caramel,https://www.gnc.com/whey-protein/527179.html,59.99,80,4.5,120.0,25.0,29.0,1 scoop,
GNC,Myprotein Origin Whey Protein - Butter Pecan Ice Cream,https://www.gnc.com/whey-protein/607311.html,34.99,2,5.0,160.0,30.0,15.0,2 Scoops,45.5
GNC,Portions Master® Vegan Protein Blend - Mocha,https://www.gnc.com/vegan-protein/560484.html,49.99,3,5.0,90.0,16.0,30.0,(one scoop),25.0
GNC,MRI® Performance Ultra Whey Protein - Fruity Crunch,https://www.gnc.com/whey-protein/560457.html,44.99,1,5.0,120.0,25.0,28.0,1 Rounded Scoop,32.0
GNC,Vega® Performance Plant-Based Protein - Peanut Butter,https://www.gnc.com/plant-based-protein/490036.html,54.99,788,4.5,170.0,30.0,19.0,1 scoop,
GNC,BSN® SYNTHA-6 Premium Protein - Vanilla Ice Cream,https://www.gnc.com/whey-protein/387321.html,52.99,271,4.5,200.0,22.0,28.0,1 Scoop(s),
GNC,Vega® Protein + Creatine - Creamy Chocolate,https://www.gnc.com/vegan-protein/490009.html,42.99,58,4.5,190.0,30.0,20.0,1 scoop,48.0
GNC,Isopure® Protein Powder - Creamy Vanilla,https://www.gnc.com/whey-protein/916098.html,29.99,451,4.5,100.0,25.0,15.0,2 Scoop(s),
GNC,Vega® Premium Protein + Supergreens - Creamy Chocolate,https://www.gnc.com/plant-based-protein/489937.html,33.99,0,0.0,180.0,25.0,13.0,1 scoop,46.0
GNC,BSN® Syntha-6 Edge™ - Vanilla Milkshake,https://www.gnc.com/whey-protein/387656.html,49.99,92,5.0,160.0,24.0,28.0,1 scoop,38.0
GNC,BSN® Syntha-6 Edge - Strawberry Milkshake,https://www.gnc.com/whey-protein/387657.html,49.99,92,5.0,160.0,24.0,28.0,1 scoop,38.0
GNC,NutraBio® Whey Protein Isolate - Cinnamon Sugar Donut,https://www.gnc.com/whey-protein/527173.html,59.99,80,4.5,120.0,25.0,30.0,1 scoop,
GNC,Blessed Gainz Wholefood Muscle Gainer - Peanut Butter,https://www.gnc.com/mass-gainers/559638.html,59.99,45,5.0,290.0,40.0,20.0,2 Scoops,73.7
GNC,Vega® Protein + Creatine - Creamy Vanilla,https://www.gnc.com/vegan-protein/489985.html,42.99,58,4.5,190.0,30.0,20.0,1 scoop,48.0
GNC,Vega® Premium Protein + Supergreens - Creamy Vanilla,https://www.gnc.com/plant-based-protein/489936.html,33.99,0,0.0,180.0,25.0,13.0,1 scoop,46.0
GNC,Myprotein Origin Whey Protein - Vanilla Swirl,https://www.gnc.com/whey-protein/607313.html,34.99,2,5.0,160.0,30.0,15.0,2 Scoops,46.0
GNC,Portions Master® Protein Whey Isolate - Peanut Butter Cup,https://www.gnc.com/whey-protein/560493.html,59.99,3,5.0,100.0,24.0,32.0,1 Scoop,
GNC,Isopure® Protein Powder - Unflavored,https://www.gnc.com/whey-protein/135722.html,29.99,451,4.5,100.0,25.0,16.0,1 scoop,29.0
GNC,NutraBio® Classic Whey - Chocolate Milkshake,https://www.gnc.com/whey-protein/216291.html,44.99,21,4.0,130.0,25.0,27.0,1 scoop,
GNC,G6 Sports Super-Lean Meal Replacement - Chocolate,https://www.gnc.com/whey-protein/449537.html,89.99,13,5.0,315.0,32.0,16.0,2 Scoop(s),
GNC,NDS Nutrition™ Tripact Protein - Creamy Chocolate,https://www.gnc.com/whey-protein/384626.html,49.99,5,4.5,140.0,25.0,20.0,1 Scoop,
GNC,BSN® SYNTHA-6™ - Cold Stone Creamery: Germanchokolatekake™,https://www.gnc.com/whey-protein/387706.html,49.99,49,4.0,200.0,22.0,25.0,1 Scoop(s),
GNC,Hi-Tech Pharm Precision Protein - Chocolate Ice Cream,https://www.gnc.com/whey-protein/112673.html,59.99,10,5.0,130.0,25.0,28.0,1 Rounded Scoop,
GNC,NDS Nutrition™ Tripact Protein - Creamy Chocolate,https://www.gnc.com/whey-protein/384623.html,79.99,5,4.5,140.0,25.0,40.0,1 Scoop,35.8
GNC,Planta Plant Protein - Banana Maple French Toast,https://www.gnc.com/plant-based-protein/608837.html,34.99,148,5.0,110.0,20.0,14.0,1 Scoop,29.3
GNC,MuscleSport Lean Whey Iso-Hydro Protein - Chocolate Ice Cream,https://www.gnc.com/whey-protein/607501.html,69.99,8,4.0,120.0,25.0,26.0,1 Scoop,
GNC,MuscleSport Lean Whey Iso-Hydro Protein - Lean Charms,https://www.gnc.com/whey-protein/607505.html,69.99,8,4.0,130.0,25.0,26.0,1 Scoops,
GNC,MuscleSport Lean Whey Iso-Hydro Protein - Protella,https://www.gnc.com/whey-protein/607506.html,69.99,8,4.0,130.0,25.0,26.0,1 Scoop,
GNC,AboutTime® Whey Protein Isolate - Vanilla,https://www.gnc.com/whey-protein/449559.html,79.99,34,4.5,110.0,25.0,32.0,1 Scoop(s),
GNC,NutraBio® Whey Protein Isolate - Chocolate Peanut Butter Bliss,https://www.gnc.com/whey-protein/527172.html,59.99,80,4.5,120.0,25.0,29.0,1 Scoop,
GNC,MuscleSport Lean Whey Iso-Hydro Protein - Strawberry Ice Cream,https://www.gnc.com/whey-protein/607503.html,69.99,8,4.0,120.0,25.0,26.0,1 Scoops,
GNC,Planta Plant Protein - Strawberry Ice Cream,https://www.gnc.com/plant-based-protein/608841.html,34.99,148,5.0,110.0,20.0,14.0,1 Scoop,31.0
GNC,Amazing Grass® Kidz Superfood Protein + Probiotics - Strawberry Blast,https://www.gnc.com/probiotics-for-kids/444754.html,29.99,0,0.0,70.0,10.0,15.0,1 scoop,
GNC,Codeage Beef Isolate Protein - Unflavored,https://www.gnc.com/protein-powder/585163.html,59.99,26,5.0,90.0,24.0,30.0,rams,25.0
GNC,Green Regimen Plant Based Elite Protein - Chocolate,https://www.gnc.com/plant-based-protein/612401.html,59.99,6,5.0,160.0,25.0,20.0,1 scoop,41.5
GNC,NutraBio® Whey Protein Isolate - Dutch Chocolate,https://www.gnc.com/whey-protein/527155.html,59.99,80,4.5,120.0,25.0,30.0,1 Scoop(s),
GNC,Raw Nutrition Isolate Protein - Cookies and Cream,https://www.gnc.com/whey-protein/604731.html,54.99,6,4.5,130.0,26.0,25.0,1 scoop,
GNC,G6 Sports Prolific Iso-Clear Whey Protein - Pineapple Coconut,https://www.gnc.com/whey-protein/247400.html,89.99,3,2.5,100.0,23.0,30.0,1 Scoops,
GNC,NutraBio® Whey Protein Isolate - Chocolate Dipped Macaroon,https://www.gnc.com/whey-protein/527178.html,59.99,80,4.5,130.0,25.0,27.0,1 scoop,
GNC,Hi-Tech Pharm Precision Protein - Chocolate Peanut Butter Cup,https://www.gnc.com/whey-protein/112688.html,109.99,10,5.0,136.0,25.0,70.0,1 Rounded Scoop,
GNC,Portions Master® Vegan Protein Blend - Vanilla,https://www.gnc.com/vegan-protein/560477.html,34.99,3,5.0,90.0,17.0,15.0,(one scoop),25.0
GNC,NDS Nutrition™ Tripact Vegan Protein - Peanut Butter & Vanilla,https://www.gnc.com/plant-based-protein/384629.html,54.99,1,5.0,130.0,23.0,20.0,1 Scoop,33.0
GNC,MuscleSport Lean Whey Iso-Hydro Protein - Cookies & Cream,https://www.gnc.com/whey-protein/607504.html,69.99,8,4.0,120.0,25.0,26.0,1 Scoop,
GNC,SirenLabs® Isolate Protein - Decadent Chocolate,https://www.gnc.com/whey-protein/966850.html,69.99,5,5.0,100.0,20.0,30.0,1 Scoop(s),
GNC,Hi-Tech Pharm Precision Protein - Chocolate Peanut Butter Cup,https://www.gnc.com/whey-protein/112674.html,59.99,10,5.0,135.0,25.0,28.0,1 Rounded Scoop,
GNC,MuscleTech™ Nitro-Tech™ 100% Whey Gold - Strawberry Shortcake,https://www.gnc.com/whey-protein/403803.html,39.99,2,5.0,120.0,24.0,28.0,1 Scoop  ONLY,33.0
GNC,Portions Master® Vegan Protein Blend - Chocolate,https://www.gnc.com/vegan-protein/560479.html,49.99,3,5.0,90.0,16.0,30.0,(one scoop),25.0
GNC,SDC Nutrition PROLIFIC™ ISOLATE - Raspberry Gelato,https://www.gnc.com/whey-protein/520819.html,109.99,6,5.0,100.0,25.0,40.0,1 Scoop(s),
GNC,SirenLabs® ULTRA KARBS™ - Natural,https://www.gnc.com/mass-gainers/502700.html,49.99,7,5.0,100.0,0.0,40.0,1 Scoop(s),
GNC,Portions Master® Vegan Plant Protein - Unflavored,https://www.gnc.com/plant-based-protein/560472.html,49.99,1,5.0,100.0,20.0,30.0,(one scoop),25.0
GNC,NutraBio® Classic Whey - Creamy Vanilla,https://www.gnc.com/whey-protein/216301.html,44.99,21,4.0,130.0,25.0,27.0,1 scoop,
GNC,Portions Master® Protein Whey Isolate - Vanilla Ice Cream,https://www.gnc.com/whey-protein/560441.html,59.99,3,5.0,100.0,25.0,32.0,1 Scoop,
GNC,NDS Nutrition™ Tripact Vegan Protein - Chocolate Peanut Butter,https://www.gnc.com/plant-based-protein/384628.html,54.99,1,5.0,130.0,23.0,20.0,1 scoop,
GNC,Portions Master® Vegan Plant Protein - Vanilla,https://www.gnc.com/plant-based-protein/560475.html,34.99,1,5.0,100.0,20.0,15.0,(one scoop),25.0
GNC,Myprotein Origin Whey Protein - Chocolate Glazed Donut,https://www.gnc.com/whey-protein/607312.html,34.99,2,5.0,170.0,30.0,15.0,2 Scoops,49.0
GNC,NDS Nutrition™ Tripact Protein - Vanilla Latte & Cinnamon,https://www.gnc.com/whey-protein/384627.html,49.99,5,4.5,140.0,25.0,20.0,1 Scoop,
GNC,MuscleSport Lean Whey Iso-Hydro Protein - Cinna Crunch,https://www.gnc.com/whey-protein/607507.html,69.99,8,4.0,130.0,25.0,26.0,1 Scoop,
GNC,Portions Master® Vegan Plant Protein - Unflavored,https://www.gnc.com/plant-based-protein/560471.html,34.99,1,5.0,100.0,20.0,15.0,(one scoop),25.0
GNC,Portions Master® Vegan Protein Blend - Unflavored,https://www.gnc.com/vegan-protein/560480.html,34.99,3,5.0,100.0,19.0,15.0,(one scoop),25.0
GNC,Portions Master® Vegan Plant Protein - Chocolate,https://www.gnc.com/plant-based-protein/560473.html,34.99,1,5.0,100.0,18.0,15.0,(one scoop),25.0
GNC,AboutTime® Whey Protein Isolate - Unflavored,https://www.gnc.com/whey-protein/449524.html,79.99,34,4.5,100.0,25.0,32.0,1 Scoop(s),
GNC,Amazing Grass® Kidz Superfood Protein + Probiotics - Extreme Chocolate,https://www.gnc.com/probiotics-for-kids/444753.html,29.99,0,0.0,70.0,10.0,15.0,1 scoop,
GNC,G6 Sports Prolific Iso-Clear Whey Protein - Rainbow Punch,https://www.gnc.com/whey-protein/247401.html,89.99,3,2.5,100.0,23.0,30.0,1 Scoop(s),
GNC,NDS Nutrition™ Tripact Protein - Superberry,https://www.gnc.com/whey-protein/384625.html,79.99,5,4.5,140.0,25.0,40.0,1 Scoop,
GNC,Prolab® Whey Isolate - Milk Chocolate,https://www.gnc.com/whey-protein/560435.html,99.99,0,0.0,110.0,23.0,75.0,1 Scoop,
GNC,Prolab® Whey Isolate - Vanilla Ice Cream,https://www.gnc.com/whey-protein/560436.html,99.99,0,0.0,110.0,23.0,75.0,1 Scoop,
GNC,Prolab® Advanced Essential Whey - Vanilla Donut,https://www.gnc.com/whey-protein/560434.html,79.99,1,4.0,120.0,21.0,76.0,1 Scoop,
GNC,Portions Master® Protein Whey Isolate - Chocolate Brownie,https://www.gnc.com/whey-protein/560440.html,59.99,3,5.0,100.0,24.0,32.0,1 Scoop,
GNC,Portions Master® Protein Whey Isolate - Strawberries & Cream,https://www.gnc.com/whey-protein/560492.html,59.99,3,5.0,100.0,24.0,32.0,1 Scoop,
GNC,MRI® Performance Ultra Whey Protein - Marshmallow Crunch,https://www.gnc.com/whey-protein/560458.html,44.99,1,5.0,130.0,25.0,26.0,1 Rounded Scoop,34.5
GNC,Project 1 Whey Protein - Cookies and Cream,https://www.gnc.com/whey-protein/604529.html,49.99,4,5.0,140.0,25.0,26.0,1 Scoop,
GNC,Portions Master® Vegan Keto Body - Chocolate,https://www.gnc.com/plant-based-protein/560488.html,49.99,0,0.0,280.0,14.0,15.0,2 Scoops,
GNC,Portions Master® Vegan Keto Body - Vanilla Cream,https://www.gnc.com/plant-based-protein/560489.html,49.99,0,0.0,280.0,14.0,15.0,2 Scoops,
GNC,Portions Master® Vegan Protein Blend - Berry,https://www.gnc.com/vegan-protein/560483.html,49.99,3,5.0,90.0,16.0,30.0,(one scoop),25.0
GNC,Portions Master® Vegan Protein Blend - Vanilla,https://www.gnc.com/vegan-protein/560478.html,49.99,3,5.0,90.0,17.0,30.0,(one scoop),25.0
GNC,Portions Master® Vegan Protein Blend - Unflavored,https://www.gnc.com/vegan-protein/560481.html,49.99,3,5.0,100.0,19.0,30.0,(one scoop),25.0
GNC,Portions Master® Vegan Protein Blend - Berry,https://www.gnc.com/vegan-protein/560482.html,34.99,3,5.0,90.0,16.0,15.0,(one scoop),25.0
GNC,Gym Molly® Power Protein 100% Whey - Chocolate Ice Cream,https://www.gnc.com/whey-protein/607021.html,54.99,0,0.0,130.0,25.0,26.0,1 scoop,
GNC,Gym Molly® Power Protein 100% Whey - Cookies & Creme,https://www.gnc.com/whey-protein/607020.html,54.99,0,0.0,130.0,25.0,26.0,1 scoop,
GNC,Gym Molly® Power Protein 100% Whey - Cinnamon Toast,https://www.gnc.com/whey-protein/607019.html,54.99,0,0.0,130.0,25.0,26.0,1 scoop,
GNC,Dymatize® ISO 100® Whey Protein Isolate - Fruity Pebbles™,https://www.gnc.com/whey-protein/364707.html,109.99,305,4.5,110.0,25.0,76.0,1 scoop,
GNC,CTRL® Meal Replacement Shake - Fruity Flakes,https://www.gnc.com/protein-shakes/621006.html,39.99,496,5.0,230.0,23.0,15.0,2 Scoops,
GNC,CTRL® Meal Replacement Shake - Cinnamon Toast,https://www.gnc.com/protein-shakes/621005.html,39.99,496,5.0,230.0,23.0,15.0,2 Scoops,
GNC,AboutTime® Vegan Protein - Natural Chocolate,https://www.gnc.com/vegan-protein/449552.html,79.99,49,4.5,120.0,21.0,32.0,1 Scoop(s),28.4
GNC,GR8 Lifestyle Ultim8 Protein + Colostrum Complex - Chocolate Truffle,https://www.gnc.com/whey-protein/614018.html,59.99,2,5.0,140.0,25.0,28.0,1 Scoop,42.0
GNC,AboutTime® Vegan Protein - Natural Vanilla,https://www.gnc.com/vegan-protein/449553.html,79.99,49,4.5,120.0,21.0,32.0,1 Scoop(s),28.4
GNC,GR8 Lifestyle Ultim8 Protein + Colostrum Complex - Vanilla Creme,https://www.gnc.com/whey-protein/614019.html,59.99,2,5.0,130.0,25.0,28.0,1 Scoop,41.0
GNC,Hi-Tech Pharm Precision Protein - French Vanilla Ice Cream,https://www.gnc.com/whey-protein/112678.html,59.99,10,5.0,130.0,25.0,28.0,1 scoop,32.0
GNC,Hi-Tech Pharm Precision Protein - S'Mores,https://www.gnc.com/whey-protein/112682.html,59.99,10,5.0,130.0,25.0,28.0,1 Rounded Scoop,
GNC,SirenLabs® Isolate Protein - Vanilla Ice Cream,https://www.gnc.com/whey-protein/966851.html,69.99,5,5.0,100.0,20.0,30.0,1 Scoop(s),
GNC,6AM RUN Track Fuel - Cookies and Cream,https://www.gnc.com/whey-protein/593409.html,49.99,2,5.0,130.0,24.0,28.0,1 Scoop(s),
GNC,6AM RUN Track Fuel - Vanilla,https://www.gnc.com/whey-protein/593410.html,49.99,2,5.0,130.0,25.0,28.0,1 Scoop(s),
GNC,6AM RUN Track Fuel - Chocolate Ice Cream,https://www.gnc.com/whey-protein/593411.html,49.99,2,5.0,120.0,24.0,28.0,1 Scoop(s),
GNC,RYSE Loaded Protein - Little Debbie Pumpkin Spice Rolls,https://www.gnc.com/whey-protein/556596.html,49.99,136,4.5,140.0,25.0,27.0,1 Scoop,37.0
GNC,RYSE Loaded Protein - Mint Chip Ice Cream,https://www.gnc.com/whey-protein/556594.html,49.99,136,4.5,140.0,25.0,27.0,1 Scoop,37.0
GNC,Isopure® Clear Protein Powder - Watermelon Lime,https://www.gnc.com/whey-protein/135726.html,29.99,110,4.5,90.0,20.0,16.0,1 scoop,
GNC,Raw Nutrition Vegan Protein - Peanut Butter,https://www.gnc.com/vegan-protein/604762.html,54.99,0,0.0,110.0,20.0,25.0,1 Scoop (rams),37.0
GNC,PEScience Select Protein - Gourmet Vanilla,https://www.gnc.com/protein-powder/503211.html,44.99,4,5.0,120.0,24.0,27.0,1 Scoop,31.0
GNC,Optimum Nutrition Gold Standard 100% Casein - Chocolate Peanut Butter,https://www.gnc.com/casein-protein/352163.html,56.99,94,4.5,120.0,24.0,25.0,1 scoop,
GNC,GNC Total Lean® Lean Shake™ 25 - Rich Chocolate,https://www.gnc.com/meal-replacement/267978.html,19.99,1953,4.5,180.0,25.0,12.0,1 Heaping Scoop,
GNC,GNC Total Lean® Lean Shake 25™ - French Vanilla,https://www.gnc.com/meal-replacement/267979.html,19.99,1953,4.5,180.0,25.0,12.0,1 Scoop,
GNC,Keto Zone MCT Oil Powder - Eggnog - 11.64 oz.,https://www.gnc.com/powders/570332.html,39.99,1,4.0,70.0,0.0,30.0,1 Scoop,
GNC,Mutant IsoSurge Whey Protein Isolate - Peanut Butter Chocolate,https://www.gnc.com/whey-protein/433536.html,39.99,18,5.0,120.0,25.0,23.0,1 scoop,
GNC,PEScience Select Protein - Frosted Sugar Cookie,https://www.gnc.com/protein-powder/503210.html,44.99,4,5.0,120.0,24.0,27.0,1 Scoop,32.5
GNC,GNC AMP Wheybolic™ - Natural Vanilla,https://www.gnc.com/whey-protein/012358.html,69.99,1189,4.0,220.0,40.0,25.0,2 Scoop(s),
GNC,GNC AMP Wheybolic™ - Creamy Peanut Butter,https://www.gnc.com/whey-protein/012349.html,69.99,1189,4.0,190.0,40.0,25.0,2 Scoop(s),
GNC,Dymatize® ISO 100® Whey Protein Isolate - Fudge Brownie,https://www.gnc.com/whey-protein/370013.html,109.99,305,4.5,110.0,25.0,71.0,1 Scoop(s),
GNC,Isopure® Protein Powder - Unflavored,https://www.gnc.com/whey-protein/916091.html,79.99,451,4.5,100.0,25.0,47.0,1 Heaping Scoop(s),
GNC,GNC Pro Performance® Bulk 1340 - Strawberries and Cream,https://www.gnc.com/mass-gainers/414780.html,51.99,837,4.5,1340.0,50.0,9.0,6 scoops,366.0
GNC,Axe & Sledge Supplements™ Whey More - Christmas Cookie,https://www.gnc.com/whey-protein/581726.html,54.99,123,5.0,130.0,24.0,30.0,1 scoop,35.0
GNC,GNC AMP Wheybolic™ - Salted Caramel Apple,https://www.gnc.com/whey-protein/576645.html,69.99,1189,4.0,200.0,40.0,25.0,2 Scoops,53.0
GNC,GHOST® High Protein Hot Cocoa Mix - White Chocolate Peppermint Bark,https://www.gnc.com/whey-protein/528147.html,29.99,119,4.5,120.0,20.0,15.0,1 Rounded Scoop,
GNC,GNC Total Lean® Lean Shake 25™ - Chocolate Peanut Butter,https://www.gnc.com/meal-replacement/370118.html,44.99,1953,4.5,180.0,25.0,16.0,1 Scoop(s),
GNC,GNC AMP Sustained Protein Blend - Peanut Butter Puffs,https://www.gnc.com/whey-protein/414775.html,49.99,839,4.5,120.0,25.0,28.0,1 Scoop,
GNC,Isopure® Protein Powder - Dutch Chocolate,https://www.gnc.com/whey-protein/916141.html,104.99,366,4.5,110.0,25.0,62.0,1 Scoop(s),
GNC,GNC AMP Wheybolic™ - Chocolate Mint,https://www.gnc.com/whey-protein/370164.html,69.99,1189,4.0,100.0,20.0,25.0,1 scoop,
GNC,GNC Pro Performance® 100% Whey 2.0 - Chocolate Supreme,https://www.gnc.com/whey-protein/379965.html,44.99,54,4.0,120.0,25.0,25.0,One Scoop,33.0
GNC,Optimum Nutrition Gold Standard 100% Whey™ - Chocolate Peanut Butter,https://www.gnc.com/whey-protein/350288.html,84.99,2104,4.5,130.0,24.0,68.0,1 Scoop(s),
GNC,GNC AMP MASS XXX™ with MyoTor® - Chocolate,https://www.gnc.com/mass-gainers/123404.html,84.99,172,4.5,780.0,50.0,13.0,4 Scoop(s),
GNC,GNC Pro Performance® Bulk 1340 - Double Chocolate,https://www.gnc.com/mass-gainers/414778.html,51.99,837,4.5,1340.0,50.0,9.0,6 scoops,360.0
GNC,GNC AMP Wheybolic™ Alpha with MyoTor® - Strawberries and Cream,https://www.gnc.com/whey-protein/450057.html,74.99,76,4.0,210.0,40.0,22.0,2 Scoop(s),
GNC,GNC Total Lean® Lean Shake™ 25 - Coconut Caramel,https://www.gnc.com/meal-replacement/414860.html,44.99,1953,4.5,190.0,25.0,16.0,One Heaping Scoop,53.0
GNC,GHOST® Vegan Protein - Chocolate Cereal Milk®,https://www.gnc.com/vegan-protein/527959.html,49.99,448,4.0,120.0,20.0,28.0,1 Rounded Scoop(s),
GNC,GNC AMP Wheybolic® Alpha - Classic Vanilla,https://www.gnc.com/whey-protein/034574.html,74.99,76,4.0,210.0,40.0,22.0,2 Scoop(s),
GNC,Optimum Nutrition Gold Standard 100% Whey™ - French Vanilla Creme,https://www.gnc.com/whey-protein/350260.html,84.99,2104,4.5,110.0,24.0,73.0,1 Rounded Scoop(s),
GNC,GNC Pro Performance® Bulk 1340 - Cookies and Cream,https://www.gnc.com/mass-gainers/414781.html,51.99,837,4.5,1340.0,50.0,9.0,6 Scoop,360.0
GNC,Optimum Nutrition Gold Standard® 100% Whey - Cookies and Cream,https://www.gnc.com/whey-protein/350254.html,84.99,2104,4.5,120.0,24.0,68.0,1 Scoop,
GNC,GNC Total Lean® Lean Shake™ + Slimvance® Stim - Strawberry Banana,https://www.gnc.com/protein-shakes/369684.html,61.99,215,4.5,190.0,25.0,20.0,1 Scoop,
GNC,RYSE Loaded Protein - Cinnamon Toast,https://www.gnc.com/whey-protein/556500.html,49.99,136,4.5,130.0,25.0,27.0,1 Scoop(s),
GNC,GNC Total Lean® Lean Shake™ 25 - Banana,https://www.gnc.com/meal-replacement/370117.html,44.99,1953,4.5,180.0,25.0,16.0,1 Heaping Scoop,
GNC,GNC Total Lean® Lean Shake™ 25 - Cookies and Cream,https://www.gnc.com/meal-replacement/370116.html,44.99,1953,4.5,180.0,25.0,16.0,1 Heaping Scoop,
GNC,Isopure® Protein Powder - Creamy Vanilla,https://www.gnc.com/whey-protein/916142.html,104.99,451,4.5,210.0,50.0,66.0,2 Scoop(s),
GNC,GHOST® Vegan Protein - Peanut Butter Cereal Milk®,https://www.gnc.com/vegan-protein/527937.html,49.99,448,4.0,120.0,21.0,28.0,1 Rounded Scoop(s),
GNC,RYSE Loaded Protein - Jet-Puffed Peppermint,https://www.gnc.com/whey-protein/556595.html,49.99,136,4.5,140.0,25.0,27.0,1 Scoop,35.0
GNC,Optimum Nutrition Gold Standard 100% Whey™ - Extreme Milk Chocolate,https://www.gnc.com/whey-protein/350258.html,84.99,2104,4.5,120.0,24.0,71.0,1 Rounded Scoop(s),
GNC,GHOST® Vegan Protein - Cinnabon®,https://www.gnc.com/vegan-protein/528049.html,49.99,448,4.0,110.0,20.0,28.0,1 Servings,
GNC,GNC Pro Performance® Bulk 1340 - Vanilla Ice Cream,https://www.gnc.com/mass-gainers/414779.html,51.99,838,4.5,1340.0,50.0,9.0,6 scoops,366.0
GNC,GNC AMP Wheybolic® Alpha with MyoTOR®- Cookies And Cream,https://www.gnc.com/whey-protein/450056.html,74.99,76,4.0,210.0,40.0,22.0,2 Scoop,
GNC,GNC Total Lean® Lean Shake™ + Slimvance® Stim - Mocha Espresso,https://www.gnc.com/protein-shakes/369681.html,61.99,215,4.5,190.0,25.0,20.0,1 Scoop,
GNC,GNC Total Lean® Lean Shake™ 25 - Chocolate Mint,https://www.gnc.com/meal-replacement/414862.html,39.99,1953,4.5,190.0,25.0,16.0,One Heaping Scoop,53.0
GNC,Optimum Nutrition Gold Standard 100% Whey™ - Chocolate Malt,https://www.gnc.com/whey-protein/350210.html,84.99,2104,4.5,120.0,24.0,73.0,1 Rounded Scoop(s),
GNC,RYSE Loaded Protein - Little Debbie Strawberry Shortcake Rolls,https://www.gnc.com/whey-protein/556537.html,49.99,136,4.5,130.0,25.0,27.0,1 scoop,
GNC,GNC AMP Sustained Protein Blend - Strawberry Milkshake,https://www.gnc.com/whey-protein/414794.html,49.99,839,4.5,130.0,25.0,28.0,1 Scoop(s),
GNC,RYSE Loaded Protein - Chocolate Cookie Blast,https://www.gnc.com/whey-protein/556510.html,49.99,136,4.5,150.0,25.0,27.0,1 Scoop,
GNC,Dymatize® ISO100® Hydrolyzed Protein Powder - Birthday Cake,https://www.gnc.com/whey-protein/370010.html,109.99,305,4.5,110.0,25.0,76.0,1 Scoop,
GNC,RYSE Loaded Protein - Little Debbie Cosmic Brownie,https://www.gnc.com/whey-protein/556536.html,49.99,136,4.5,150.0,25.0,27.0,1 Scoop,
GNC,GNC AMP Wheybolic™ Ripped - Cookies and Cream,https://www.gnc.com/whey-protein/023459.html,74.99,447,4.5,190.0,40.0,22.0,1 Scoop(s),
GNC,Axe & Sledge Supplements™ Farm Fed Protein - Peanut Butter N'Honey,https://www.gnc.com/whey-protein/581675.html,56.99,107,4.5,120.0,25.0,28.0,1 scoop,
GNC,Raw Nutrition Itholate Protein - Lemon Cake,https://www.gnc.com/whey-protein/604842.html,54.99,35,4.5,110.0,25.0,25.0,1 Scoop,31.0
GNC,GHOST® Clear Whey Protein Isolate - Orange Cream,https://www.gnc.com/clear-protein/528124.html,44.99,23,4.5,100.0,25.0,20.0,1 Rounded Scoop (rams),32.0
GNC,REDCON1 MRE LITE® - Fudge Brownie,https://www.gnc.com/meal-replacement/548769.html,44.99,6297,5.0,130.0,24.0,30.0,1 Scoop,
GNC,GNC AMP MASS XXX™ with MyoTor® - Cookies and Cream,https://www.gnc.com/mass-gainers/123407.html,84.99,172,4.5,800.0,50.0,13.0,4 Scoop(s),
GNC,REDCON1 MRE LITE® - Vanilla Milkshake,https://www.gnc.com/meal-replacement/548768.html,44.99,6297,5.0,130.0,24.0,30.0,1 Scoop,
GNC,GNC Pro Performance® Weight Gainer - Vanilla Ice Cream,https://www.gnc.com/mass-gainers/369936.html,34.99,268,4.0,700.0,50.0,6.0,4 Scoops,182.0
